employee_id,age,department,job_level,education_field,tenure_years,monthly_income,overtime,job_satisfaction,worklife_balance,distance_from_home_km,years_since_last_promotion,trainings_last_year,attrition
EMP-0001,47,Engineering,Junior,Business,11.4,3323.12,No,1,2,5,2,2,Yes
EMP-0002,30,Sales,Mid,Marketing,7.2,4438.49,No,4,1,7,5,1,No
EMP-0003,34,Customer Support,Senior,Technical,4.2,7805.91,Yes,2,3,3,1,3,No
EMP-0004,25,Sales,Mid,Business,1.0,4840.78,Yes,3,3,4,1,2,No
EMP-0005,21,Sales,Mid,Business,0.0,4958.48,No,1,1,9,0,3,Yes
EMP-0006,21,Finance,Junior,Technical,0.0,2983.33,No,4,4,5,0,0,No
EMP-0007,47,Customer Support,Mid,Business,2.0,4309.95,Yes,3,2,1,1,4,No
EMP-0008,31,Customer Support,Mid,Technical,6.5,5213.86,No,4,1,16,0,3,No
EMP-0009,32,Sales,Senior,Marketing,5.0,7197.82,No,4,4,11,0,2,No
EMP-0010,29,Engineering,Mid,Marketing,2.8,5471.8,No,2,2,8,0,1,Yes
EMP-0011,37,Customer Support,Mid,Business,0.1,4974.84,No,4,2,1,0,2,No
EMP-0012,37,Customer Support,Mid,Marketing,5.6,4362.7,No,4,3,1,0,2,Yes
EMP-0013,29,Sales,Senior,Business,0.5,6178.44,No,3,3,1,0,3,Yes
EMP-0014,32,Customer Support,Mid,Other,5.3,5636.71,Yes,4,4,7,4,0,Yes
EMP-0015,29,Finance,Mid,Other,7.2,4131.14,No,1,3,4,0,2,No
EMP-0016,31,Engineering,Junior,Technical,0.5,2935.61,No,3,2,20,0,0,No
EMP-0017,31,HR,Junior,Marketing,1.0,3282.02,No,3,3,7,1,0,No
EMP-0018,21,Customer Support,Senior,Other,0.0,7640.97,Yes,3,3,8,0,4,No
EMP-0019,37,Engineering,Lead,Business,4.3,8700.2,No,2,3,1,4,2,No
EMP-0020,42,Customer Support,Junior,Marketing,5.1,3425.1,Yes,4,2,14,1,2,Yes
EMP-0021,31,Sales,Mid,Business,6.7,5483.59,Yes,3,2,11,1,2,No
EMP-0022,43,Marketing,Junior,Marketing,1.2,2759.51,No,3,4,7,0,1,Yes
EMP-0023,27,Engineering,Mid,Other,1.3,5552.57,No,4,3,3,0,2,No
EMP-0024,45,Customer Support,Mid,Business,1.1,5591.29,Yes,4,2,26,1,0,No
EMP-0025,44,Marketing,Mid,Business,2.2,4235.54,Yes,2,2,1,0,1,No
EMP-0026,27,Sales,Senior,Other,0.4,6661.27,No,4,3,1,0,0,No
EMP-0027,41,Engineering,Mid,Marketing,5.2,5103.77,No,4,4,16,2,0,No
EMP-0028,34,Sales,Mid,Technical,2.0,4928.49,No,2,3,3,2,1,Yes
EMP-0029,39,Customer Support,Mid,Technical,2.2,4145.58,No,1,4,1,2,1,No
EMP-0030,31,Finance,Junior,Technical,2.0,3456.32,No,1,4,19,0,2,Yes
EMP-0031,45,Engineering,Senior,Other,4.0,6392.62,No,2,4,5,0,4,Yes
EMP-0032,34,Sales,Mid,Marketing,0.5,4986.2,Yes,3,3,2,0,1,No
EMP-0033,45,Marketing,Senior,Marketing,1.0,7306.64,No,3,3,14,0,4,No
EMP-0034,44,HR,Lead,Other,1.0,11157.97,No,2,3,18,1,2,No
EMP-0035,30,Marketing,Junior,Technical,1.3,3357.91,No,4,4,2,0,3,No
EMP-0036,38,Sales,Mid,Business,7.6,5617.54,No,4,4,1,4,1,No
EMP-0037,34,Customer Support,Mid,Marketing,1.3,4708.58,No,4,2,2,0,1,Yes
EMP-0038,38,Engineering,Junior,Marketing,2.6,3768.35,No,1,2,4,2,1,No
EMP-0039,37,Customer Support,Junior,Technical,3.6,3180.35,No,3,3,3,1,3,No
EMP-0040,31,HR,Mid,Business,1.4,4229.36,No,1,2,12,1,1,Yes
EMP-0041,32,Engineering,Senior,Other,0.9,8541.41,No,3,3,2,0,3,No
EMP-0042,35,Engineering,Mid,Other,13.7,4330.45,No,3,2,26,1,2,No
EMP-0043,31,Customer Support,Junior,Business,2.0,3253.75,Yes,2,3,25,2,4,No
EMP-0044,26,Marketing,Mid,Business,1.2,4096.37,No,4,3,7,1,3,No
EMP-0045,21,Engineering,Junior,Business,0.0,3132.62,No,2,4,9,0,1,Yes
EMP-0046,35,Customer Support,Mid,Marketing,7.2,5603.82,Yes,4,1,1,0,1,No
EMP-0047,25,Customer Support,Junior,Technical,1.0,2727.14,Yes,3,3,2,0,0,No
EMP-0048,32,Customer Support,Junior,Marketing,1.5,2900.91,Yes,2,2,1,1,2,Yes
EMP-0049,42,Marketing,Mid,Other,6.4,4300.94,No,4,2,4,1,3,No
EMP-0050,41,Sales,Senior,Other,2.2,6609.52,Yes,4,4,1,0,0,No
EMP-0051,28,Customer Support,Junior,Technical,1.9,3297.25,No,2,1,5,0,3,No
EMP-0052,39,Sales,Junior,Marketing,4.8,3738.85,Yes,4,1,9,1,2,No
EMP-0053,39,Customer Support,Mid,Business,0.1,4624.55,No,2,3,9,0,2,Yes
EMP-0054,29,Sales,Lead,Marketing,1.5,8256.47,No,1,1,21,1,1,No
EMP-0055,22,Sales,Mid,Business,1.0,5517.34,Yes,4,3,1,1,0,No
EMP-0056,39,Finance,Junior,Business,2.6,2996.86,No,3,2,1,0,1,No
EMP-0057,35,HR,Junior,Marketing,0.4,3092.11,No,3,3,4,0,1,No
EMP-0058,34,Marketing,Mid,Technical,0.5,5139.03,No,4,4,2,0,2,No
EMP-0059,44,Customer Support,Senior,Marketing,4.1,8444.27,No,4,2,3,0,1,No
EMP-0060,30,Customer Support,Mid,Technical,2.1,5447.41,Yes,2,3,1,0,1,No
EMP-0061,21,Finance,Senior,Technical,0.0,6466.41,No,4,2,10,0,2,No
EMP-0062,36,Sales,Mid,Business,2.4,5071.17,Yes,3,4,3,2,1,No
EMP-0063,46,Marketing,Senior,Other,4.8,7884.42,No,4,2,14,1,1,No
EMP-0064,39,Engineering,Mid,Marketing,3.0,4198.83,No,1,3,6,2,1,No
EMP-0065,38,Engineering,Lead,Marketing,1.3,9993.36,No,4,3,16,0,1,No
EMP-0066,38,Marketing,Mid,Technical,6.5,4871.59,No,2,3,4,1,1,No
EMP-0067,44,Sales,Mid,Marketing,1.8,5512.37,No,4,3,9,0,0,No
EMP-0068,39,Sales,Mid,Business,1.4,4156.77,No,4,4,34,1,1,Yes
EMP-0069,40,Customer Support,Mid,Business,7.3,4082.87,No,4,3,1,0,3,Yes
EMP-0070,22,Finance,Junior,Other,1.0,3657.04,No,4,3,14,0,2,No
EMP-0071,41,Finance,Senior,Other,2.7,6860.24,No,1,3,14,0,5,No
EMP-0072,32,Marketing,Mid,Marketing,0.2,4947.61,No,2,1,1,0,2,No
EMP-0073,24,Sales,Lead,Other,2.4,10554.75,Yes,3,3,25,0,2,No
EMP-0074,25,Engineering,Senior,Business,4.0,6809.02,No,1,3,28,1,1,No
EMP-0075,32,HR,Junior,Technical,2.0,3626.48,Yes,4,3,3,2,1,No
EMP-0076,43,Sales,Mid,Other,3.3,4249.12,No,2,3,1,2,2,No
EMP-0077,42,Finance,Junior,Other,4.7,3211.23,No,3,2,2,1,3,No
EMP-0078,38,Customer Support,Mid,Technical,4.5,4849.64,Yes,4,3,2,1,1,No
EMP-0079,30,Sales,Senior,Business,0.5,7319.0,No,3,2,11,0,0,No
EMP-0080,44,Customer Support,Lead,Other,4.1,8868.87,Yes,3,4,2,1,2,No
EMP-0081,37,Marketing,Junior,Technical,0.7,3186.16,No,4,3,8,0,2,No
EMP-0082,50,Sales,Junior,Technical,5.7,3488.46,Yes,1,2,10,1,3,No
EMP-0083,28,Finance,Junior,Other,0.2,2777.46,No,3,4,2,0,2,No
EMP-0084,28,Finance,Junior,Marketing,2.4,2725.09,No,2,3,27,2,0,No
EMP-0085,47,Marketing,Mid,Other,0.0,4220.76,No,3,4,2,0,0,No
EMP-0086,44,Finance,Senior,Technical,9.3,6790.06,No,2,4,5,0,2,Yes
EMP-0087,34,Customer Support,Mid,Business,9.0,5525.81,Yes,1,3,6,0,2,Yes
EMP-0088,21,Marketing,Senior,Business,0.0,6521.12,Yes,2,4,1,0,5,No
EMP-0089,40,Finance,Junior,Technical,0.6,2884.78,No,2,3,19,0,2,Yes
EMP-0090,21,Customer Support,Senior,Business,0.0,7054.62,Yes,2,3,11,0,2,No
EMP-0091,34,Engineering,Mid,Other,1.7,5042.6,No,3,3,1,1,4,No
EMP-0092,46,Finance,Junior,Business,1.6,3331.73,No,4,2,16,1,1,No
EMP-0093,34,Sales,Junior,Business,1.3,3810.74,Yes,1,3,7,0,1,Yes
EMP-0094,39,Customer Support,Mid,Business,0.6,4288.8,Yes,3,2,11,0,0,No
EMP-0095,29,Engineering,Mid,Technical,0.0,5172.28,No,4,3,7,0,1,No
EMP-0096,43,HR,Mid,Other,2.5,4563.67,Yes,2,4,1,0,1,No
EMP-0097,23,Customer Support,Junior,Marketing,2.0,3665.42,Yes,2,3,1,2,3,Yes
EMP-0098,54,Marketing,Senior,Technical,2.9,7814.87,No,4,4,4,1,0,No
EMP-0099,33,Finance,Junior,Business,5.1,2744.43,Yes,3,3,4,3,1,No
EMP-0100,33,Engineering,Junior,Technical,0.3,3491.77,No,4,4,1,0,4,No
EMP-0101,29,Engineering,Junior,Marketing,3.3,3506.75,No,3,3,11,0,2,No
EMP-0102,34,Finance,Senior,Technical,1.0,7230.68,No,4,2,1,1,2,No
EMP-0103,37,Marketing,Mid,Marketing,4.2,5210.84,No,4,2,8,3,1,No
EMP-0104,37,Sales,Senior,Other,8.1,8071.92,Yes,3,4,15,1,0,No
EMP-0105,35,Sales,Lead,Other,3.6,9549.02,No,2,2,7,1,0,No
EMP-0106,31,Marketing,Junior,Technical,2.9,3400.91,No,3,1,2,2,2,No
EMP-0107,30,Sales,Mid,Other,0.8,4517.47,No,3,4,1,0,1,No
EMP-0108,38,Engineering,Junior,Marketing,2.8,2952.12,No,4,1,24,0,1,Yes
EMP-0109,42,Sales,Mid,Marketing,0.9,4750.96,No,3,3,3,0,4,No
EMP-0110,34,Customer Support,Mid,Business,7.2,5028.63,No,1,4,9,1,1,No
EMP-0111,52,Engineering,Mid,Marketing,0.6,5135.26,No,4,1,1,0,2,No
EMP-0112,39,Customer Support,Junior,Technical,0.1,3145.17,Yes,2,3,3,0,3,No
EMP-0113,36,Marketing,Junior,Marketing,0.8,3028.7,No,1,3,4,0,2,No
EMP-0114,29,Engineering,Senior,Technical,5.8,6694.64,Yes,4,3,6,1,4,No
EMP-0115,34,Engineering,Junior,Other,1.5,2748.72,No,3,2,3,1,1,No
EMP-0116,43,Finance,Mid,Marketing,0.1,4459.28,No,4,3,6,0,4,No
EMP-0117,45,Engineering,Mid,Other,0.1,5488.4,No,3,1,15,0,1,No
EMP-0118,46,HR,Junior,Business,2.3,3768.37,Yes,3,3,13,2,3,No
EMP-0119,39,Finance,Junior,Business,7.9,3185.82,Yes,4,2,8,0,2,No
EMP-0120,39,Engineering,Junior,Business,0.5,3718.0,No,3,3,30,0,1,No
EMP-0121,31,Finance,Junior,Technical,10.0,3481.39,No,3,4,2,8,1,No
EMP-0122,37,Sales,Senior,Other,0.3,7317.74,No,2,3,8,0,1,No
EMP-0123,33,Sales,Lead,Other,9.3,11195.33,Yes,4,4,13,0,2,No
EMP-0124,36,Marketing,Junior,Technical,0.3,2727.96,No,3,3,24,0,3,No
EMP-0125,39,Sales,Senior,Business,1.9,7410.1,Yes,3,2,7,1,4,No
EMP-0126,22,Marketing,Junior,Technical,1.0,3333.12,No,2,3,2,1,3,Yes
EMP-0127,36,Sales,Junior,Marketing,0.4,2832.2,No,3,1,5,0,1,No
EMP-0128,23,Customer Support,Junior,Other,0.2,3538.07,No,1,3,14,0,1,No
EMP-0129,21,Customer Support,Junior,Marketing,0.0,2960.28,Yes,3,2,12,0,1,Yes
EMP-0130,35,Finance,Lead,Business,8.3,10295.51,No,4,4,2,3,3,No
EMP-0131,47,Sales,Senior,Technical,3.5,6287.14,Yes,3,4,2,3,1,No
EMP-0132,44,Customer Support,Junior,Other,1.5,2874.45,Yes,3,1,9,1,3,Yes
EMP-0133,21,Sales,Senior,Other,0.0,6846.78,Yes,1,2,1,0,5,Yes
EMP-0134,47,Customer Support,Mid,Other,2.9,5484.38,Yes,3,2,2,1,3,Yes
EMP-0135,38,Marketing,Junior,Technical,0.5,3647.98,No,1,4,7,0,4,No
EMP-0136,35,Marketing,Junior,Technical,10.4,3247.49,No,2,2,7,0,2,No
EMP-0137,21,Engineering,Junior,Business,0.0,3340.46,No,2,4,1,0,3,No
EMP-0138,35,Finance,Junior,Marketing,9.0,3226.19,No,3,4,1,2,3,No
EMP-0139,34,Engineering,Junior,Other,1.4,3328.93,Yes,1,1,8,0,2,Yes
EMP-0140,31,Marketing,Mid,Marketing,1.6,5385.84,No,2,4,1,1,3,No
EMP-0141,28,Customer Support,Mid,Business,6.1,5732.86,Yes,3,3,12,3,3,No
EMP-0142,31,Engineering,Junior,Other,3.7,3059.05,No,3,3,1,2,2,No
EMP-0143,38,Sales,Mid,Marketing,1.5,5635.63,Yes,2,3,1,0,3,Yes
EMP-0144,33,Marketing,Mid,Technical,6.7,5053.82,Yes,3,2,1,1,0,Yes
EMP-0145,24,Sales,Senior,Technical,1.1,7216.61,Yes,2,2,22,0,5,Yes
EMP-0146,32,Engineering,Junior,Other,2.8,3226.7,No,2,3,1,0,1,No
EMP-0147,29,Sales,Junior,Technical,3.7,3730.34,No,3,3,4,1,2,No
EMP-0148,39,Sales,Senior,Business,2.7,6848.28,No,2,3,6,0,2,No
EMP-0149,37,Engineering,Junior,Other,3.4,3283.91,No,3,3,3,0,3,No
EMP-0150,35,Customer Support,Mid,Marketing,0.8,5674.56,No,3,3,14,0,1,No
EMP-0151,37,Engineering,Junior,Technical,2.3,2915.62,No,4,3,11,2,3,No
EMP-0152,40,Customer Support,Senior,Other,8.9,8327.29,Yes,3,3,10,1,3,Yes
EMP-0153,37,Finance,Senior,Other,1.9,7666.42,No,1,2,2,1,1,Yes
EMP-0154,32,Sales,Senior,Technical,0.6,8427.3,No,4,4,27,0,2,No
EMP-0155,31,Sales,Senior,Other,4.8,7120.37,Yes,2,3,2,2,4,Yes
EMP-0156,21,HR,Senior,Technical,0.0,7721.69,Yes,3,4,13,0,3,No
EMP-0157,22,Marketing,Senior,Business,0.9,7903.51,No,3,3,11,0,0,No
EMP-0158,34,Finance,Mid,Technical,3.7,4164.8,No,3,3,3,1,0,No
EMP-0159,25,Sales,Junior,Marketing,2.2,3066.55,Yes,2,2,8,2,1,No
EMP-0160,31,Marketing,Mid,Other,7.1,4166.56,No,1,3,1,5,2,No
EMP-0161,26,Customer Support,Mid,Technical,1.3,4389.32,Yes,2,4,16,0,1,No
EMP-0162,27,Customer Support,Junior,Business,6.0,2962.92,Yes,4,3,29,0,1,Yes
EMP-0163,35,HR,Mid,Business,0.3,4843.12,No,1,3,37,0,5,Yes
EMP-0164,29,Customer Support,Junior,Other,0.0,2806.09,No,3,3,1,0,0,No
EMP-0165,46,Engineering,Junior,Marketing,4.1,3475.44,No,3,4,1,0,3,No
EMP-0166,39,Sales,Senior,Technical,10.4,7280.13,Yes,3,3,1,0,3,Yes
EMP-0167,41,HR,Lead,Other,9.1,11335.64,Yes,1,3,2,5,2,Yes
EMP-0168,39,Finance,Junior,Marketing,2.5,2927.0,No,4,4,23,2,3,No
EMP-0169,47,Finance,Mid,Technical,6.1,5136.2,Yes,1,4,17,1,0,Yes
EMP-0170,36,Sales,Junior,Marketing,0.4,3743.35,No,3,4,2,0,2,No
EMP-0171,31,Customer Support,Mid,Technical,1.5,4399.77,No,3,4,21,0,2,No
EMP-0172,28,Sales,Junior,Marketing,6.0,3100.69,No,2,2,1,0,2,No
EMP-0173,26,Marketing,Junior,Technical,2.6,3023.67,No,3,2,11,0,2,No
EMP-0174,28,HR,Junior,Marketing,2.8,2831.94,No,3,3,1,1,1,No
EMP-0175,32,Engineering,Mid,Business,1.0,4852.94,No,4,4,21,1,3,No
EMP-0176,21,Marketing,Mid,Marketing,0.0,4413.89,No,3,3,1,0,2,No
EMP-0177,34,Marketing,Lead,Business,3.1,9362.99,No,3,1,1,0,2,No
EMP-0178,28,Engineering,Junior,Other,3.1,3507.24,No,2,4,4,3,0,Yes
EMP-0179,37,Marketing,Mid,Technical,0.3,4805.14,No,3,2,17,0,1,Yes
EMP-0180,28,Sales,Junior,Marketing,3.3,2914.16,No,1,2,1,1,2,No
EMP-0181,27,Marketing,Junior,Marketing,0.9,2882.29,No,4,4,26,0,1,No
EMP-0182,24,Marketing,Senior,Technical,3.0,7327.8,No,3,3,3,3,2,No
EMP-0183,35,Customer Support,Senior,Other,0.2,6667.18,Yes,3,4,1,0,1,No
EMP-0184,28,Sales,Junior,Other,1.8,2806.83,No,3,3,1,1,1,No
EMP-0185,27,HR,Mid,Technical,1.9,5029.57,Yes,4,1,6,1,1,Yes
EMP-0186,32,Engineering,Mid,Business,0.1,4296.94,No,4,3,12,0,2,No
EMP-0187,35,Finance,Junior,Marketing,0.5,3394.35,No,1,4,2,0,3,Yes
EMP-0188,36,Finance,Junior,Technical,3.7,3240.28,No,3,2,13,0,0,No
EMP-0189,38,HR,Senior,Marketing,6.1,7952.13,No,2,3,8,0,4,Yes
EMP-0190,27,Engineering,Junior,Other,0.3,3294.41,Yes,3,2,20,0,3,No
EMP-0191,25,Marketing,Mid,Marketing,4.0,4933.02,No,2,3,1,0,2,No
EMP-0192,31,Marketing,Senior,Business,2.2,7787.1,Yes,3,3,2,0,3,No
EMP-0193,46,Engineering,Junior,Marketing,9.8,3645.19,Yes,2,1,1,1,1,No
EMP-0194,42,Customer Support,Junior,Marketing,7.6,3644.27,Yes,2,1,4,5,2,Yes
EMP-0195,29,Engineering,Junior,Marketing,1.2,3546.51,Yes,1,3,4,0,2,Yes
EMP-0196,41,Finance,Mid,Business,4.6,5501.18,No,4,2,4,3,3,No
EMP-0197,40,Finance,Mid,Technical,0.2,4509.16,No,3,3,2,0,1,No
EMP-0198,40,HR,Junior,Other,2.4,3306.38,No,3,3,16,2,2,No
EMP-0199,31,Engineering,Senior,Marketing,5.8,7892.16,No,1,1,9,1,1,Yes
EMP-0200,21,Customer Support,Senior,Technical,0.0,7033.25,No,2,3,1,0,1,No
EMP-0201,27,Sales,Mid,Marketing,0.5,4421.59,Yes,2,3,2,0,0,No
EMP-0202,21,Engineering,Senior,Marketing,0.0,8384.0,No,1,3,11,0,0,Yes
EMP-0203,21,Engineering,Junior,Other,0.0,3016.61,No,4,2,13,0,2,No
EMP-0204,32,Customer Support,Mid,Technical,0.3,4622.92,Yes,4,4,3,0,2,No
EMP-0205,26,Customer Support,Junior,Other,1.1,2886.08,No,4,4,4,0,1,No
EMP-0206,37,Customer Support,Mid,Marketing,0.1,4744.32,No,4,3,1,0,0,Yes
EMP-0207,36,Marketing,Mid,Technical,1.6,5496.97,No,3,4,1,0,3,No
EMP-0208,31,Customer Support,Junior,Technical,3.7,3286.46,No,2,3,17,3,0,Yes
EMP-0209,27,Engineering,Junior,Technical,1.1,3034.98,No,2,3,1,1,2,No
EMP-0210,24,Engineering,Senior,Technical,1.7,6936.2,No,2,3,6,0,3,No
EMP-0211,31,Marketing,Senior,Other,0.4,8546.52,No,4,2,21,0,1,No
EMP-0212,31,Engineering,Senior,Technical,1.5,7702.5,No,2,3,1,1,1,No
EMP-0213,24,Engineering,Junior,Business,1.4,3477.7,No,4,3,14,0,1,No
EMP-0214,31,Customer Support,Mid,Marketing,1.2,5036.42,Yes,3,3,34,1,7,Yes
EMP-0215,21,Sales,Mid,Technical,0.0,4585.69,No,3,2,11,0,1,No
EMP-0216,43,Sales,Senior,Other,0.6,6278.1,No,3,3,1,0,0,No
EMP-0217,42,Engineering,Mid,Marketing,14.4,5284.64,No,1,1,7,1,1,Yes
EMP-0218,23,Finance,Senior,Business,2.0,7039.69,No,2,3,8,2,3,Yes
EMP-0219,31,Sales,Mid,Other,3.8,4983.63,No,3,3,1,3,4,No
EMP-0220,31,Marketing,Mid,Business,1.3,4938.84,No,3,2,10,0,1,No
EMP-0221,39,Engineering,Lead,Other,2.6,10399.56,No,4,3,1,2,6,No
EMP-0222,29,Marketing,Junior,Business,4.8,3543.49,No,4,3,12,1,3,Yes
EMP-0223,28,Sales,Junior,Business,2.4,2798.0,No,4,4,9,1,1,No
EMP-0224,21,Marketing,Senior,Other,0.0,7073.34,No,2,1,3,0,3,No
EMP-0225,22,Sales,Senior,Business,1.0,7513.74,Yes,4,2,6,1,4,No
EMP-0226,35,Finance,Junior,Business,2.0,2869.23,No,4,3,3,1,3,No
EMP-0227,40,Customer Support,Junior,Technical,6.9,3102.85,No,3,4,6,4,3,No
EMP-0228,30,Customer Support,Mid,Other,2.3,4623.63,Yes,4,2,1,2,0,Yes
EMP-0229,46,HR,Junior,Business,11.4,3348.27,No,4,3,15,0,2,No
EMP-0230,33,Engineering,Lead,Technical,1.4,9189.04,Yes,2,2,6,1,1,No
EMP-0231,27,Engineering,Junior,Business,2.0,3807.25,No,3,2,1,0,1,No
EMP-0232,38,Sales,Junior,Other,0.6,3228.92,No,4,4,25,0,2,Yes
EMP-0233,46,Engineering,Junior,Technical,3.2,3261.99,No,3,3,1,1,2,No
EMP-0234,41,Customer Support,Junior,Technical,4.7,3304.6,No,1,1,1,4,2,No
EMP-0235,38,Sales,Mid,Marketing,3.0,5090.74,Yes,3,4,7,2,4,No
EMP-0236,34,Sales,Junior,Other,5.3,3535.88,Yes,2,3,6,4,5,Yes
EMP-0237,34,Sales,Junior,Other,7.6,2725.34,Yes,2,4,3,0,1,Yes
EMP-0238,31,Marketing,Junior,Business,2.5,3470.85,No,3,1,28,0,3,No
EMP-0239,21,HR,Senior,Marketing,0.0,8204.25,No,2,3,21,0,3,Yes
EMP-0240,31,HR,Junior,Marketing,1.3,3348.27,No,3,3,1,0,2,No
EMP-0241,30,HR,Mid,Technical,0.5,4208.36,No,4,2,40,0,3,No
EMP-0242,45,Customer Support,Junior,Technical,2.4,3722.79,Yes,3,3,40,0,2,No
EMP-0243,37,Sales,Junior,Marketing,1.1,3678.34,Yes,4,2,4,1,2,No
EMP-0244,34,Sales,Mid,Technical,1.9,4491.01,Yes,4,1,3,1,2,Yes
EMP-0245,47,Marketing,Mid,Business,0.9,5595.46,No,3,4,2,0,1,No
EMP-0246,27,Marketing,Junior,Other,2.1,3732.02,Yes,2,3,18,0,3,No
EMP-0247,49,Sales,Junior,Technical,3.4,3724.92,Yes,3,2,3,3,3,No
EMP-0248,36,Engineering,Senior,Technical,1.4,7010.54,No,3,1,15,0,2,No
EMP-0249,37,Engineering,Senior,Marketing,0.4,7285.14,No,1,3,13,0,1,Yes
EMP-0250,39,HR,Lead,Technical,4.9,8568.35,No,3,3,12,0,3,No
EMP-0251,36,Engineering,Junior,Other,0.3,3687.41,No,2,3,32,0,4,Yes
EMP-0252,21,Sales,Mid,Other,0.0,4810.31,No,1,4,1,0,3,Yes
EMP-0253,21,Finance,Lead,Other,0.0,10110.47,No,3,3,15,0,4,No
EMP-0254,30,Sales,Junior,Marketing,1.4,2947.79,Yes,3,3,6,1,4,No
EMP-0255,30,Sales,Mid,Business,5.9,4412.59,Yes,4,2,14,0,3,No
EMP-0256,39,Customer Support,Senior,Other,0.7,7799.79,No,4,3,23,0,3,No
EMP-0257,36,Engineering,Senior,Other,2.5,6522.27,No,2,4,1,1,3,Yes
EMP-0258,23,Sales,Senior,Technical,0.7,8171.47,Yes,3,2,1,0,2,No
EMP-0259,23,Engineering,Senior,Technical,1.4,8388.58,Yes,2,4,1,0,4,No
EMP-0260,28,Engineering,Senior,Other,0.2,7334.27,No,3,4,11,0,2,No
EMP-0261,37,Sales,Mid,Other,5.8,4584.96,No,1,2,1,1,2,Yes
EMP-0262,32,Sales,Junior,Business,4.5,3033.81,No,3,3,10,1,2,No
EMP-0263,44,Finance,Junior,Technical,1.3,3561.43,Yes,1,3,34,0,1,No
EMP-0264,36,HR,Senior,Marketing,1.5,7037.65,No,1,4,10,1,4,No
EMP-0265,33,Engineering,Junior,Business,12.0,3528.29,No,4,3,17,1,6,No
EMP-0266,45,Engineering,Senior,Marketing,3.0,7953.95,No,4,4,12,3,1,No
EMP-0267,26,Marketing,Junior,Business,1.0,2748.15,No,3,4,6,1,1,No
EMP-0268,47,Sales,Junior,Other,3.2,3513.16,No,3,3,12,2,0,No
EMP-0269,40,HR,Mid,Other,0.5,5664.68,No,2,3,1,0,3,No
EMP-0270,43,Finance,Senior,Other,0.3,6691.4,Yes,3,4,5,0,2,Yes
EMP-0271,21,Sales,Mid,Business,0.0,5339.5,Yes,3,1,5,0,1,No
EMP-0272,49,Finance,Senior,Technical,0.4,8353.42,No,2,2,3,0,2,Yes
EMP-0273,40,Customer Support,Junior,Marketing,0.6,3365.4,Yes,3,3,9,0,1,Yes
EMP-0274,28,Engineering,Senior,Business,1.3,8100.42,Yes,2,3,12,1,0,No
EMP-0275,27,Customer Support,Mid,Technical,5.7,4264.91,No,4,4,1,2,2,No
EMP-0276,49,Sales,Junior,Business,0.5,3744.43,Yes,4,2,1,0,3,No
EMP-0277,31,Customer Support,Mid,Technical,3.2,4507.92,Yes,3,2,1,0,4,No
EMP-0278,47,Marketing,Senior,Business,4.3,6289.16,No,4,3,5,1,1,No
EMP-0279,34,Engineering,Junior,Business,0.8,3736.92,No,2,3,1,0,1,No
EMP-0280,42,Engineering,Lead,Other,2.7,8806.49,No,4,2,7,1,2,No
EMP-0281,44,Sales,Junior,Other,0.0,3393.05,Yes,2,4,2,0,3,No
EMP-0282,21,Customer Support,Mid,Business,0.0,4422.92,Yes,2,2,5,0,1,Yes
EMP-0283,32,Finance,Junior,Marketing,3.5,2978.26,No,3,4,1,2,2,No
EMP-0284,37,Customer Support,Mid,Marketing,0.9,4897.71,Yes,4,4,9,0,2,No
EMP-0285,31,Sales,Junior,Technical,6.0,3057.0,Yes,2,2,19,3,2,Yes
EMP-0286,39,Sales,Junior,Technical,3.3,2901.78,No,3,4,8,0,3,No
EMP-0287,30,Engineering,Mid,Technical,3.1,4126.61,No,4,2,1,2,2,No
EMP-0288,23,Customer Support,Junior,Business,0.3,3553.44,Yes,4,3,1,0,1,Yes
EMP-0289,22,Customer Support,Lead,Business,1.0,10564.15,No,1,2,32,1,3,Yes
EMP-0290,50,Sales,Senior,Technical,4.2,7166.47,No,4,4,1,4,1,No
EMP-0291,27,Finance,Senior,Business,1.6,7393.65,Yes,4,4,2,1,0,Yes
EMP-0292,24,Marketing,Junior,Business,3.0,2991.65,No,1,2,1,2,0,No
EMP-0293,35,Sales,Lead,Technical,1.2,8435.35,No,1,3,3,1,5,No
EMP-0294,41,Marketing,Mid,Technical,4.0,5337.91,No,3,4,11,0,1,Yes
EMP-0295,21,Engineering,Junior,Business,0.0,3769.24,No,3,4,4,0,2,No
EMP-0296,24,Sales,Mid,Marketing,3.0,4504.79,No,4,2,5,0,2,No
EMP-0297,34,Sales,Mid,Technical,0.0,4580.91,No,3,4,13,0,1,No
EMP-0298,23,Sales,Lead,Business,0.8,8324.66,No,3,2,1,0,2,No
EMP-0299,23,Customer Support,Mid,Technical,2.0,4307.1,No,4,3,4,2,1,No
EMP-0300,51,Finance,Senior,Other,2.4,7712.44,Yes,4,3,1,2,5,No
EMP-0301,43,HR,Junior,Marketing,0.5,3316.97,No,4,4,5,0,2,No
EMP-0302,29,Sales,Junior,Other,2.5,3209.27,Yes,3,1,6,0,0,No
EMP-0303,36,Customer Support,Junior,Business,2.0,2992.39,No,3,4,26,1,2,No
EMP-0304,28,Finance,Mid,Technical,0.3,4542.34,No,4,3,26,0,2,No
EMP-0305,35,Customer Support,Junior,Technical,0.5,3022.82,Yes,4,1,30,0,1,Yes
EMP-0306,30,Engineering,Junior,Marketing,0.8,3573.18,No,3,4,10,0,1,No
EMP-0307,29,Customer Support,Mid,Business,4.6,4993.58,No,3,1,35,0,1,No
EMP-0308,21,Engineering,Mid,Marketing,0.0,4563.58,No,2,4,12,0,0,Yes
EMP-0309,21,Engineering,Junior,Marketing,0.0,2849.21,No,3,1,10,0,1,Yes
EMP-0310,37,Customer Support,Mid,Other,0.4,5036.67,Yes,2,2,40,0,1,Yes
EMP-0311,22,Sales,Junior,Technical,1.0,2979.1,Yes,3,3,3,1,4,Yes
EMP-0312,38,Engineering,Senior,Other,0.0,6952.44,No,2,2,4,0,0,No
EMP-0313,23,Customer Support,Mid,Technical,1.2,5047.74,Yes,3,3,1,1,3,No
EMP-0314,34,Sales,Junior,Technical,12.0,3598.02,Yes,3,4,6,7,1,No
EMP-0315,38,Customer Support,Senior,Business,0.1,7443.73,Yes,4,3,3,0,1,No
EMP-0316,22,Customer Support,Lead,Technical,1.0,10426.88,Yes,3,2,1,1,0,Yes
EMP-0317,34,Sales,Junior,Technical,1.6,3777.76,No,4,2,17,1,2,No
EMP-0318,35,Marketing,Junior,Other,2.2,3285.25,No,4,2,1,0,1,No
EMP-0319,32,Finance,Senior,Technical,6.9,7333.48,No,2,3,2,2,2,Yes
EMP-0320,38,Engineering,Senior,Business,6.6,8064.39,No,4,4,1,0,2,No
EMP-0321,31,Marketing,Mid,Business,7.0,5521.76,No,4,1,1,1,2,No
EMP-0322,21,Customer Support,Mid,Business,0.0,4897.71,Yes,4,4,7,0,6,No
EMP-0323,40,Marketing,Mid,Technical,0.6,4655.16,No,3,3,8,0,2,No
EMP-0324,24,Customer Support,Senior,Other,1.4,6785.0,Yes,3,4,1,1,0,No
EMP-0325,26,Customer Support,Junior,Other,3.3,3239.61,Yes,2,4,2,2,0,No
EMP-0326,22,Sales,Junior,Other,1.0,2925.23,No,1,3,16,1,1,No
EMP-0327,32,Marketing,Junior,Marketing,0.5,3709.13,No,3,4,6,0,0,No
EMP-0328,28,Sales,Junior,Technical,3.4,3411.44,Yes,2,1,1,2,3,Yes
EMP-0329,42,Sales,Mid,Business,4.0,5198.17,No,4,2,10,1,5,Yes
EMP-0330,26,Customer Support,Junior,Other,1.6,3526.62,No,4,2,9,1,1,No
EMP-0331,43,Customer Support,Mid,Marketing,4.5,5533.12,Yes,2,2,1,1,4,Yes
EMP-0332,29,Customer Support,Junior,Technical,0.2,3340.5,Yes,2,3,7,0,0,No
EMP-0333,21,Engineering,Mid,Other,0.0,4679.3,No,3,4,3,0,2,No
EMP-0334,28,Customer Support,Junior,Business,3.0,2885.88,Yes,2,1,5,0,2,No
EMP-0335,27,Customer Support,Mid,Technical,0.6,4398.75,Yes,4,3,6,0,3,Yes
EMP-0336,48,Engineering,Mid,Other,0.3,4849.22,No,3,3,13,0,1,No
EMP-0337,33,Finance,Senior,Other,11.6,7313.57,No,2,3,3,4,3,No
EMP-0338,35,Sales,Junior,Other,3.4,3421.96,Yes,4,2,5,0,6,Yes
EMP-0339,32,Engineering,Senior,Business,0.8,6519.03,No,4,4,1,0,2,No
EMP-0340,21,Sales,Junior,Marketing,0.0,3292.6,Yes,4,2,2,0,2,No
EMP-0341,45,Finance,Mid,Business,1.3,4183.9,Yes,3,3,19,0,4,No
EMP-0342,31,Finance,Senior,Technical,4.2,7246.69,No,3,2,13,0,5,No
EMP-0343,38,Sales,Junior,Business,1.8,3742.71,No,3,3,6,0,1,No
EMP-0344,42,Sales,Lead,Other,1.8,11083.67,No,3,2,1,0,3,No
EMP-0345,21,Engineering,Senior,Technical,0.0,8339.19,No,2,3,1,0,3,Yes
EMP-0346,25,HR,Senior,Technical,1.0,7045.46,No,3,3,2,1,2,No
EMP-0347,21,Sales,Mid,Marketing,0.0,5110.97,No,3,3,1,0,0,No
EMP-0348,42,Sales,Senior,Marketing,1.6,7840.63,Yes,4,4,16,1,1,No
EMP-0349,33,Marketing,Mid,Marketing,0.8,5093.3,Yes,4,4,7,0,2,No
EMP-0350,36,Customer Support,Senior,Technical,7.7,7391.39,No,2,1,22,5,2,Yes
EMP-0351,39,Customer Support,Mid,Technical,2.1,4906.05,Yes,3,1,2,0,4,Yes
EMP-0352,24,Engineering,Junior,Technical,2.5,3256.4,No,4,4,10,0,2,No
EMP-0353,36,Engineering,Mid,Marketing,1.1,5425.86,No,4,3,1,1,0,No
EMP-0354,44,HR,Senior,Technical,2.8,7860.21,No,1,3,12,2,1,No
EMP-0355,28,Finance,Junior,Business,0.4,3000.84,No,3,2,1,0,1,No
EMP-0356,41,Customer Support,Mid,Other,0.6,4744.15,Yes,4,4,2,0,1,Yes
EMP-0357,21,Customer Support,Mid,Business,0.0,5675.92,Yes,3,4,9,0,1,Yes
EMP-0358,21,Engineering,Mid,Other,0.0,5123.3,No,1,4,9,0,3,No
EMP-0359,22,HR,Mid,Other,1.0,5053.91,Yes,3,4,4,1,0,Yes
EMP-0360,44,Marketing,Mid,Marketing,0.9,5676.67,Yes,2,3,17,0,1,No
EMP-0361,31,Engineering,Junior,Technical,0.0,3754.65,No,4,2,10,0,1,No
EMP-0362,39,Sales,Senior,Business,6.5,8001.75,No,3,2,1,0,2,No
EMP-0363,23,Engineering,Mid,Marketing,0.3,4902.49,No,2,3,12,0,3,No
EMP-0364,32,Customer Support,Lead,Marketing,0.3,8606.61,Yes,2,4,1,0,2,No
EMP-0365,23,HR,Senior,Technical,2.0,7362.84,No,2,4,12,1,2,Yes
EMP-0366,42,Sales,Mid,Other,3.1,5210.36,No,3,3,6,1,5,No
EMP-0367,42,Engineering,Mid,Business,0.7,5419.54,No,4,3,2,0,3,No
EMP-0368,29,Sales,Junior,Business,1.5,2916.42,No,3,4,5,1,2,No
EMP-0369,41,Sales,Junior,Marketing,2.8,3064.08,No,4,1,2,2,3,Yes
EMP-0370,30,Engineering,Mid,Technical,1.7,4186.85,No,4,3,6,0,1,No
EMP-0371,31,Engineering,Junior,Technical,0.4,3648.88,No,4,3,2,0,1,No
EMP-0372,40,Sales,Mid,Other,2.5,5390.58,Yes,2,1,33,0,1,Yes
EMP-0373,37,Sales,Junior,Technical,3.4,2961.36,No,4,2,4,0,4,No
EMP-0374,52,HR,Mid,Business,0.1,5196.28,No,4,3,1,0,1,No
EMP-0375,48,Customer Support,Senior,Marketing,3.6,7693.1,No,4,1,27,3,3,No
EMP-0376,32,Engineering,Junior,Business,0.5,3008.42,No,3,2,1,0,0,No
EMP-0377,31,Sales,Senior,Marketing,2.2,8511.25,Yes,2,3,3,2,0,Yes
EMP-0378,41,Customer Support,Mid,Other,4.6,4084.53,Yes,3,1,3,0,3,Yes
EMP-0379,38,Sales,Senior,Business,1.2,6266.98,Yes,4,2,1,0,2,No
EMP-0380,36,Sales,Junior,Technical,7.9,3274.48,No,4,3,4,3,1,No
EMP-0381,31,Sales,Junior,Business,0.5,3777.79,Yes,3,3,1,0,2,No
EMP-0382,32,Sales,Mid,Technical,4.8,4607.82,Yes,1,2,8,4,1,No
EMP-0383,32,Sales,Junior,Other,0.5,3478.26,No,3,3,1,0,3,No
EMP-0384,39,Finance,Junior,Marketing,7.5,3538.27,No,2,3,18,2,3,No
EMP-0385,30,Sales,Mid,Other,6.1,4466.55,No,1,1,4,1,1,No
EMP-0386,31,HR,Junior,Other,0.6,2991.76,No,2,4,13,0,2,Yes
EMP-0387,40,HR,Mid,Other,2.3,4298.29,No,3,3,13,0,1,No
EMP-0388,43,Sales,Lead,Marketing,5.0,10150.48,Yes,2,3,15,1,0,No
EMP-0389,36,Sales,Junior,Marketing,0.1,3223.33,Yes,1,3,5,0,1,No
EMP-0390,40,Marketing,Lead,Marketing,0.3,9834.88,No,2,1,5,0,1,No
EMP-0391,33,HR,Junior,Other,4.4,3665.84,No,3,2,5,0,4,No
EMP-0392,31,HR,Senior,Marketing,2.3,6807.87,No,3,1,2,2,3,No
EMP-0393,23,Engineering,Lead,Technical,0.7,8373.35,Yes,2,2,25,0,1,Yes
EMP-0394,27,Sales,Mid,Technical,0.1,4538.91,Yes,3,1,5,0,4,No
EMP-0395,44,Engineering,Junior,Technical,4.8,2897.19,No,3,1,2,0,2,No
EMP-0396,35,Marketing,Senior,Marketing,0.5,7993.24,No,2,3,9,0,3,Yes
EMP-0397,43,Sales,Mid,Technical,5.4,4326.82,No,2,4,19,0,0,No
EMP-0398,23,Engineering,Senior,Other,1.7,7030.07,No,4,2,2,1,3,Yes
EMP-0399,29,Customer Support,Mid,Business,0.5,4311.97,Yes,4,4,1,0,5,No
EMP-0400,32,Finance,Mid,Technical,0.4,5728.46,No,3,4,6,0,3,No
EMP-0401,27,Customer Support,Junior,Technical,1.6,3742.67,Yes,4,1,1,0,2,No
EMP-0402,32,Engineering,Mid,Technical,2.5,4353.42,No,2,3,5,2,1,No
EMP-0403,36,Sales,Junior,Business,0.9,3727.85,Yes,2,4,10,0,3,No
EMP-0404,36,Customer Support,Junior,Technical,6.5,3291.31,Yes,4,4,2,6,0,No
EMP-0405,39,HR,Junior,Technical,2.6,2973.5,No,4,2,5,2,5,No
EMP-0406,37,HR,Mid,Business,0.9,4857.21,Yes,2,4,4,0,1,No
EMP-0407,43,HR,Junior,Marketing,4.8,3830.53,Yes,4,2,2,0,1,No
EMP-0408,37,Sales,Lead,Business,0.6,10621.03,Yes,1,4,2,0,1,No
EMP-0409,21,Marketing,Senior,Other,0.0,8539.59,Yes,3,2,1,0,1,No
EMP-0410,43,Sales,Junior,Business,0.5,3458.69,Yes,4,3,13,0,0,No
EMP-0411,29,Sales,Lead,Business,2.6,10130.04,No,2,3,9,0,0,No
EMP-0412,21,Finance,Mid,Marketing,0.0,5126.82,No,3,4,27,0,4,No
EMP-0413,45,Customer Support,Junior,Technical,1.0,3749.95,No,4,4,5,1,0,Yes
EMP-0414,30,Engineering,Junior,Marketing,4.7,3397.81,No,3,2,1,4,1,No
EMP-0415,29,Sales,Junior,Marketing,2.9,3188.31,No,1,1,12,2,2,Yes
EMP-0416,26,Sales,Senior,Marketing,2.2,7244.85,Yes,4,4,1,2,0,No
EMP-0417,34,Finance,Mid,Other,5.0,5649.5,No,3,4,2,2,3,No
EMP-0418,44,Finance,Mid,Business,2.9,4631.7,Yes,4,1,6,0,4,Yes
EMP-0419,49,Finance,Junior,Business,2.1,3780.88,No,3,3,17,2,1,No
EMP-0420,24,Engineering,Senior,Technical,3.0,7053.09,No,4,2,6,3,1,Yes
EMP-0421,60,HR,Senior,Marketing,0.9,8390.89,No,4,4,1,0,1,No
EMP-0422,22,Sales,Junior,Technical,1.0,3234.79,Yes,4,3,1,1,3,No
EMP-0423,30,Engineering,Senior,Business,7.5,6923.48,No,2,2,3,1,4,No
EMP-0424,23,Sales,Mid,Other,0.9,4704.69,Yes,3,4,3,0,2,Yes
EMP-0425,32,HR,Senior,Other,3.3,7335.4,No,3,4,19,3,1,No
EMP-0426,38,Customer Support,Lead,Marketing,4.6,10240.2,Yes,3,2,13,4,3,Yes
EMP-0427,41,Customer Support,Junior,Technical,3.8,3760.18,Yes,4,3,22,2,3,Yes
EMP-0428,30,Marketing,Junior,Technical,1.6,3061.57,No,3,3,1,1,1,No
EMP-0429,28,Sales,Mid,Business,1.1,4459.03,No,2,4,6,1,4,No
EMP-0430,26,Customer Support,Lead,Business,2.1,9218.22,Yes,3,3,4,0,2,Yes
EMP-0431,30,Customer Support,Mid,Other,3.2,4591.16,Yes,3,4,1,2,0,No
EMP-0432,34,Marketing,Senior,Business,0.7,7163.28,No,2,4,40,0,0,Yes
EMP-0433,42,Engineering,Mid,Marketing,0.6,4542.13,No,3,3,1,0,5,No
EMP-0434,21,Sales,Junior,Technical,0.0,2783.18,Yes,1,3,11,0,5,Yes
EMP-0435,23,Engineering,Senior,Technical,0.2,6576.15,No,4,3,10,0,2,No
EMP-0436,34,Marketing,Junior,Business,8.1,2985.73,No,3,4,1,2,2,No
EMP-0437,21,Engineering,Junior,Technical,0.0,2766.67,No,4,3,2,0,2,No
EMP-0438,29,Finance,Mid,Marketing,3.6,4600.51,No,3,3,6,3,1,No
EMP-0439,25,Sales,Mid,Marketing,4.0,4852.54,No,4,2,10,0,2,No
EMP-0440,28,Customer Support,Junior,Other,0.5,3170.8,Yes,2,1,20,0,1,Yes
EMP-0441,34,Customer Support,Mid,Technical,0.9,4766.52,Yes,4,1,1,0,3,Yes
EMP-0442,33,Engineering,Senior,Technical,0.4,7132.27,No,1,1,15,0,1,No
EMP-0443,42,HR,Lead,Marketing,2.7,8491.65,No,3,2,18,2,3,No
EMP-0444,30,Customer Support,Junior,Technical,5.2,3057.86,Yes,4,2,1,0,2,Yes
EMP-0445,21,Engineering,Junior,Business,0.0,2824.69,No,3,1,11,0,2,No
EMP-0446,21,Sales,Mid,Technical,0.0,4878.17,Yes,4,4,7,0,3,No
EMP-0447,41,Engineering,Lead,Marketing,9.9,10343.93,No,3,4,1,3,0,No
EMP-0448,38,HR,Mid,Technical,2.6,4906.09,No,2,4,4,2,2,No
EMP-0449,26,Sales,Senior,Marketing,1.5,6312.81,Yes,2,4,7,0,3,No
EMP-0450,23,Sales,Mid,Business,0.1,4483.23,Yes,4,2,15,0,3,No
EMP-0451,21,Sales,Senior,Other,0.0,6275.76,No,4,4,7,0,4,No
EMP-0452,32,HR,Mid,Marketing,1.1,5386.56,No,4,3,8,0,3,No
EMP-0453,30,Engineering,Junior,Other,0.5,3760.86,Yes,2,2,12,0,2,Yes
EMP-0454,30,Sales,Junior,Other,5.1,3431.98,No,1,1,1,4,2,Yes
EMP-0455,39,HR,Mid,Other,1.6,5303.65,No,4,4,15,1,3,No
EMP-0456,24,Finance,Mid,Technical,3.0,5402.61,Yes,2,1,10,3,5,Yes
EMP-0457,21,HR,Mid,Other,0.0,4305.04,No,3,3,2,0,3,No
EMP-0458,28,Engineering,Junior,Business,0.2,2724.42,No,4,3,7,0,4,No
EMP-0459,21,Marketing,Junior,Other,0.0,2990.8,No,4,4,5,0,3,No
EMP-0460,25,HR,Mid,Marketing,4.0,4395.11,Yes,1,4,1,0,2,No
EMP-0461,42,Finance,Mid,Business,1.4,4956.81,No,4,3,10,1,4,No
EMP-0462,41,Customer Support,Mid,Technical,0.2,4777.69,Yes,1,3,12,0,3,Yes
EMP-0463,37,Marketing,Junior,Business,2.0,3071.46,No,2,3,1,0,2,No
EMP-0464,48,Engineering,Mid,Business,2.0,4901.54,No,3,2,9,0,1,Yes
EMP-0465,46,Sales,Mid,Technical,0.4,5052.64,No,4,4,4,0,0,No
EMP-0466,34,HR,Lead,Technical,6.2,10211.69,No,2,2,1,1,1,No
EMP-0467,32,Customer Support,Junior,Other,4.4,3282.87,Yes,4,3,13,3,3,No
EMP-0468,34,Customer Support,Senior,Business,3.8,7842.96,No,3,2,4,3,2,No
EMP-0469,24,Customer Support,Senior,Marketing,2.8,7573.87,Yes,1,4,13,1,0,No
EMP-0470,29,Engineering,Lead,Technical,1.7,10270.14,No,3,3,10,0,3,No
EMP-0471,32,Marketing,Junior,Business,8.0,3562.61,No,1,4,1,1,1,No
EMP-0472,34,HR,Mid,Business,0.0,5712.7,No,3,4,34,0,0,No
EMP-0473,33,Engineering,Mid,Business,4.8,5450.32,No,4,4,2,4,1,No
EMP-0474,21,Sales,Mid,Other,0.0,5528.9,No,2,3,1,0,1,No
EMP-0475,25,Customer Support,Mid,Marketing,3.1,4672.35,Yes,2,4,3,0,2,No
EMP-0476,44,Sales,Junior,Other,0.1,3815.71,No,1,2,9,0,3,Yes
EMP-0477,31,Marketing,Mid,Technical,1.9,4188.49,No,4,3,1,1,3,No
EMP-0478,54,Marketing,Lead,Other,0.9,8256.24,No,2,3,7,0,3,Yes
EMP-0479,27,Sales,Junior,Business,1.0,3132.74,No,4,4,2,1,1,No
EMP-0480,48,Finance,Mid,Other,0.3,4971.59,Yes,2,3,1,0,4,No
EMP-0481,31,Customer Support,Senior,Technical,1.1,6789.16,No,4,3,1,0,4,No
EMP-0482,30,Engineering,Mid,Other,6.3,5704.61,No,3,4,2,4,0,No
EMP-0483,42,Engineering,Junior,Technical,1.4,3611.23,No,3,2,7,1,1,Yes
EMP-0484,39,Finance,Mid,Technical,9.6,4551.84,No,2,2,28,2,2,Yes
EMP-0485,30,Engineering,Mid,Marketing,0.6,4511.29,No,2,2,12,0,0,Yes
EMP-0486,27,Marketing,Mid,Other,1.4,5656.11,No,3,2,1,1,3,Yes
EMP-0487,31,Sales,Senior,Marketing,1.9,7461.37,No,3,4,2,1,4,No
EMP-0488,37,Engineering,Mid,Marketing,0.3,4607.77,Yes,2,4,15,0,1,No
EMP-0489,33,Customer Support,Mid,Business,2.8,4680.33,No,4,4,21,0,3,Yes
EMP-0490,39,Customer Support,Mid,Marketing,2.4,4218.9,Yes,4,4,9,1,0,No
EMP-0491,37,Finance,Junior,Marketing,2.3,3500.92,No,3,3,1,0,2,No
EMP-0492,21,Finance,Junior,Marketing,0.0,3651.12,No,3,3,13,0,4,No
EMP-0493,39,Customer Support,Junior,Business,7.5,3068.4,Yes,4,3,16,0,1,Yes
EMP-0494,34,Sales,Junior,Marketing,0.1,2722.84,Yes,1,3,5,0,1,No
EMP-0495,41,Engineering,Junior,Technical,1.1,3818.99,No,1,2,1,1,2,No
EMP-0496,27,Finance,Junior,Other,6.0,3781.28,No,3,2,4,0,4,No
EMP-0497,46,Engineering,Junior,Other,1.9,3627.82,No,4,3,4,1,7,No
EMP-0498,27,Finance,Junior,Business,1.4,2894.51,No,4,2,2,1,2,No
EMP-0499,34,Customer Support,Senior,Marketing,2.0,7870.6,No,3,2,24,0,1,No
EMP-0500,21,Sales,Mid,Business,0.0,4299.91,No,2,4,3,0,3,No
EMP-0501,21,HR,Mid,Business,0.0,5471.85,No,3,3,21,0,3,No
EMP-0502,31,Customer Support,Junior,Technical,1.0,2789.79,Yes,2,1,3,1,6,Yes
EMP-0503,29,Finance,Mid,Business,0.7,4445.08,No,2,2,2,0,1,No
EMP-0504,29,Customer Support,Senior,Other,1.5,8584.7,No,2,2,15,0,0,No
EMP-0505,27,Sales,Junior,Business,4.3,3378.05,Yes,4,2,9,2,2,No
EMP-0506,41,Sales,Junior,Other,7.6,2943.14,No,4,2,2,0,4,Yes
EMP-0507,34,Customer Support,Senior,Marketing,5.3,7543.73,No,3,3,6,0,3,No
EMP-0508,34,Engineering,Lead,Business,0.3,8641.36,No,3,2,7,0,3,No
EMP-0509,43,Sales,Mid,Business,1.6,4261.49,No,3,3,1,1,6,No
EMP-0510,45,Sales,Junior,Marketing,2.5,3339.06,Yes,4,3,6,0,3,Yes
EMP-0511,35,Finance,Junior,Other,0.4,3229.37,Yes,4,3,1,0,2,Yes
EMP-0512,42,Customer Support,Senior,Business,4.5,7206.17,No,1,2,4,4,0,No
EMP-0513,56,Sales,Mid,Technical,2.0,4318.5,No,4,3,19,0,1,No
EMP-0514,43,Engineering,Senior,Marketing,0.4,8459.29,No,3,3,4,0,3,No
EMP-0515,31,Engineering,Senior,Technical,0.9,7483.57,No,4,4,3,0,1,No
EMP-0516,33,Engineering,Junior,Marketing,3.1,2829.48,No,1,4,14,1,3,No
EMP-0517,36,Customer Support,Senior,Marketing,2.6,6138.86,Yes,3,4,7,2,4,No
EMP-0518,33,Engineering,Mid,Marketing,3.5,5542.26,No,3,1,4,3,3,No
EMP-0519,42,Customer Support,Junior,Marketing,5.2,2923.82,Yes,4,3,5,2,3,No
EMP-0520,29,Marketing,Mid,Business,2.5,4653.52,No,1,3,5,2,2,No
EMP-0521,31,Engineering,Junior,Marketing,7.1,2738.43,No,2,2,7,3,4,No
EMP-0522,29,Sales,Lead,Business,4.2,11212.57,Yes,1,1,1,0,2,No
EMP-0523,31,Finance,Junior,Other,0.6,2755.07,No,3,3,1,0,1,No
EMP-0524,33,Customer Support,Junior,Marketing,0.4,3335.06,Yes,3,4,3,0,4,Yes
EMP-0525,43,Sales,Junior,Other,6.4,3320.82,No,4,3,20,1,5,No
EMP-0526,30,Customer Support,Mid,Other,6.7,4793.41,Yes,4,1,5,0,5,Yes
EMP-0527,35,Customer Support,Mid,Business,1.3,5550.85,No,3,3,1,0,2,No
EMP-0528,29,Sales,Mid,Other,2.1,4859.64,No,3,4,16,1,0,No
EMP-0529,26,Customer Support,Junior,Technical,5.0,3304.21,Yes,4,2,14,1,1,Yes
EMP-0530,36,Finance,Mid,Business,0.5,4486.83,No,2,3,3,0,1,No
EMP-0531,40,Marketing,Mid,Marketing,1.8,5666.74,Yes,2,3,2,0,3,Yes
EMP-0532,26,Marketing,Junior,Marketing,4.7,3834.2,Yes,2,2,14,4,2,No
EMP-0533,36,Customer Support,Junior,Marketing,1.5,2991.87,Yes,4,2,31,0,5,Yes
EMP-0534,32,Sales,Junior,Business,11.0,3388.48,Yes,3,4,1,1,0,No
EMP-0535,26,Engineering,Mid,Business,4.1,4796.13,No,3,3,4,0,1,No
EMP-0536,47,Customer Support,Mid,Business,0.1,5703.38,Yes,1,3,4,0,3,No
EMP-0537,46,Finance,Mid,Other,2.3,4253.95,No,3,1,6,0,4,No
EMP-0538,28,Engineering,Junior,Other,1.2,3294.41,No,3,2,11,0,2,No
EMP-0539,32,Customer Support,Lead,Technical,6.9,8348.31,Yes,4,3,6,0,4,No
EMP-0540,36,Customer Support,Mid,Business,0.8,5180.03,Yes,1,2,1,0,1,Yes
EMP-0541,26,Sales,Mid,Technical,3.4,5722.84,No,3,4,9,0,2,No
EMP-0542,23,Customer Support,Mid,Business,1.4,4923.94,Yes,4,3,23,1,3,Yes
EMP-0543,22,HR,Junior,Business,1.0,3393.91,Yes,2,3,16,0,4,No
EMP-0544,38,Sales,Junior,Other,2.4,3752.61,No,1,4,2,0,6,No
EMP-0545,36,Sales,Senior,Technical,1.5,6490.13,Yes,2,2,3,0,4,Yes
EMP-0546,37,Engineering,Senior,Business,4.9,6709.14,No,3,3,5,2,1,No
EMP-0547,24,Engineering,Senior,Technical,3.0,6184.8,No,3,1,2,3,2,No
EMP-0548,35,HR,Junior,Other,1.5,2874.86,No,2,4,8,0,3,Yes
EMP-0549,28,Engineering,Lead,Marketing,1.1,10139.04,Yes,4,3,13,1,1,No
EMP-0550,33,Marketing,Junior,Business,0.8,3425.15,No,2,1,9,0,2,Yes
EMP-0551,38,Sales,Junior,Business,0.9,3287.99,No,1,3,20,0,2,Yes
EMP-0552,46,Engineering,Junior,Technical,0.9,3270.52,No,4,2,1,0,1,No
EMP-0553,32,Marketing,Senior,Business,2.5,8403.26,No,3,2,1,0,1,Yes
EMP-0554,39,Engineering,Lead,Other,10.6,10770.75,No,4,4,17,0,2,No
EMP-0555,31,Engineering,Junior,Business,1.0,3109.13,No,2,4,1,1,2,Yes
EMP-0556,49,Engineering,Mid,Other,0.1,5461.49,No,3,2,3,0,2,Yes
EMP-0557,22,Customer Support,Senior,Other,1.0,7631.33,Yes,3,4,1,0,2,No
EMP-0558,27,Marketing,Senior,Marketing,3.9,8234.94,No,4,3,1,1,3,No
EMP-0559,34,Engineering,Junior,Marketing,4.0,3099.52,No,3,3,2,1,3,No
EMP-0560,52,Finance,Senior,Business,1.9,7176.75,No,1,1,14,0,5,No
EMP-0561,36,Finance,Mid,Marketing,0.7,5239.32,No,3,3,1,0,0,No
EMP-0562,37,Customer Support,Lead,Technical,7.2,8555.52,No,2,2,2,3,0,Yes
EMP-0563,21,Engineering,Mid,Technical,0.0,5282.29,Yes,1,3,6,0,5,Yes
EMP-0564,41,Finance,Junior,Business,2.8,3158.46,No,4,4,6,2,1,No
EMP-0565,38,Engineering,Junior,Technical,0.9,3819.38,No,3,4,4,0,4,No
EMP-0566,21,Customer Support,Senior,Business,0.0,6277.7,Yes,3,2,1,0,3,No
EMP-0567,25,Engineering,Junior,Technical,4.0,3109.51,No,1,3,12,0,0,No
EMP-0568,32,Engineering,Senior,Other,3.8,7145.39,No,3,1,1,0,2,No
EMP-0569,41,Engineering,Junior,Other,5.3,3460.97,No,1,2,9,5,0,Yes
EMP-0570,40,Finance,Junior,Technical,0.4,2864.71,Yes,3,3,27,0,2,No
EMP-0571,31,Engineering,Junior,Other,0.4,3023.86,No,4,2,15,0,2,No
EMP-0572,26,Engineering,Junior,Marketing,5.0,2780.49,No,4,3,13,0,0,No
EMP-0573,46,Customer Support,Junior,Other,0.9,2750.53,Yes,4,3,1,0,4,No
EMP-0574,37,Engineering,Junior,Marketing,3.0,3515.46,No,4,4,7,0,4,No
EMP-0575,26,Finance,Junior,Marketing,1.8,3762.57,No,2,2,10,0,0,No
EMP-0576,35,Marketing,Mid,Other,0.0,4295.99,No,3,1,13,0,0,No
EMP-0577,21,Customer Support,Junior,Technical,0.0,3468.25,Yes,3,3,10,0,4,No
EMP-0578,26,Sales,Junior,Marketing,1.0,3717.11,Yes,4,3,16,0,3,No
EMP-0579,48,Engineering,Mid,Other,0.6,5245.04,No,3,1,40,0,1,No
EMP-0580,49,Finance,Senior,Technical,2.1,7350.62,No,3,3,2,1,3,No
EMP-0581,27,Sales,Lead,Marketing,1.1,10846.67,Yes,3,2,18,0,3,No
EMP-0582,35,Finance,Mid,Other,2.5,4734.17,No,3,2,18,2,3,No
EMP-0583,50,Finance,Junior,Business,1.4,3754.42,No,3,4,8,1,0,No
EMP-0584,29,Engineering,Mid,Business,3.3,4246.3,No,3,4,9,0,2,No
EMP-0585,33,Sales,Junior,Other,2.8,3334.81,Yes,4,2,16,2,0,No
EMP-0586,41,Customer Support,Junior,Marketing,1.6,3682.39,Yes,4,1,7,0,4,Yes
EMP-0587,33,Engineering,Lead,Technical,0.3,10972.65,No,4,2,5,0,3,No
EMP-0588,37,Engineering,Junior,Technical,1.9,3772.14,No,3,3,2,1,2,No
EMP-0589,37,Marketing,Mid,Business,0.9,5382.45,No,2,4,8,0,1,No
EMP-0590,39,Sales,Mid,Other,5.6,4618.13,No,1,4,16,0,3,No
EMP-0591,29,Customer Support,Senior,Business,1.6,7437.68,No,3,4,3,1,0,No
EMP-0592,30,Finance,Mid,Business,0.5,4718.01,Yes,3,1,10,0,3,Yes
EMP-0593,34,HR,Junior,Marketing,0.5,3583.04,No,4,2,1,0,4,No
EMP-0594,38,Customer Support,Mid,Other,8.3,5593.03,No,2,1,1,1,2,No
EMP-0595,34,Sales,Senior,Marketing,8.7,6761.59,No,2,3,1,0,4,No
EMP-0596,48,Marketing,Lead,Technical,3.3,11291.97,No,3,4,2,1,2,No
EMP-0597,30,Sales,Lead,Marketing,4.3,10648.86,No,3,3,1,1,3,No
EMP-0598,21,Sales,Mid,Business,0.0,4623.06,No,1,4,4,0,3,Yes
EMP-0599,37,Finance,Junior,Other,4.6,3292.32,No,2,3,23,1,1,No
EMP-0600,31,Sales,Junior,Business,4.7,3393.25,Yes,3,3,1,0,2,No
EMP-0601,31,Marketing,Mid,Marketing,5.5,4942.28,No,2,2,5,1,3,No
EMP-0602,33,Customer Support,Mid,Business,0.3,5426.7,No,2,2,13,0,2,No
EMP-0603,48,Customer Support,Mid,Other,1.5,5661.84,Yes,1,1,2,0,4,Yes
EMP-0604,47,Sales,Mid,Technical,1.0,5080.19,Yes,2,3,6,0,3,No
EMP-0605,48,Engineering,Senior,Business,2.6,8113.79,Yes,2,4,1,1,4,No
EMP-0606,36,Engineering,Senior,Business,1.0,6542.84,No,1,3,19,0,0,No
EMP-0607,40,Sales,Senior,Business,2.5,8173.35,No,4,2,4,2,1,No
EMP-0608,40,Marketing,Senior,Technical,1.3,7616.5,No,3,3,11,1,1,No
EMP-0609,25,Finance,Lead,Other,3.6,8294.65,No,3,4,17,0,4,No
EMP-0610,36,Finance,Mid,Other,0.5,4568.22,No,3,3,11,0,3,No
EMP-0611,38,Marketing,Junior,Technical,0.1,2970.31,No,3,3,8,0,3,No
EMP-0612,39,Customer Support,Mid,Technical,3.0,4599.33,Yes,2,2,9,1,4,Yes
EMP-0613,49,Engineering,Senior,Technical,0.1,6604.65,No,4,3,3,0,1,No
EMP-0614,38,HR,Mid,Technical,12.0,4220.99,No,3,2,1,4,1,Yes
EMP-0615,36,Engineering,Junior,Other,0.3,3529.13,No,2,3,11,0,0,Yes
EMP-0616,28,Engineering,Junior,Marketing,0.5,3028.92,No,1,4,22,0,2,No
EMP-0617,42,Customer Support,Junior,Technical,3.5,3521.29,No,3,3,1,0,2,No
EMP-0618,27,Engineering,Junior,Other,6.0,2722.07,No,1,2,15,0,3,Yes
EMP-0619,21,Marketing,Junior,Business,0.0,3133.47,Yes,1,3,16,0,5,Yes
EMP-0620,26,Customer Support,Senior,Technical,1.2,6751.07,Yes,1,2,15,1,1,No
EMP-0621,29,Customer Support,Senior,Business,8.0,7234.02,No,1,4,3,2,2,No
EMP-0622,21,Engineering,Junior,Marketing,0.0,3547.15,No,3,3,2,0,4,No
EMP-0623,37,Engineering,Junior,Technical,0.2,3186.88,No,3,2,2,0,2,No
EMP-0624,31,Marketing,Junior,Marketing,8.6,3158.72,No,4,1,2,6,1,Yes
EMP-0625,36,Engineering,Junior,Marketing,3.0,3814.31,No,3,2,26,0,4,Yes
EMP-0626,31,Sales,Mid,Other,1.2,4151.3,No,3,3,9,0,1,No
EMP-0627,38,Finance,Junior,Technical,0.9,3032.24,No,4,1,3,0,2,No
EMP-0628,41,Engineering,Senior,Marketing,0.2,8431.76,Yes,3,4,11,0,3,No
EMP-0629,25,Sales,Mid,Other,4.0,4591.65,No,2,2,1,4,1,Yes
EMP-0630,21,Sales,Mid,Technical,0.0,5468.27,No,1,3,11,0,2,No
EMP-0631,41,Finance,Mid,Technical,4.0,5583.62,No,4,4,1,0,3,No
EMP-0632,27,HR,Junior,Business,1.0,3400.75,No,4,1,7,1,4,No
EMP-0633,27,Finance,Senior,Other,0.9,6745.59,Yes,3,3,2,0,0,No
EMP-0634,22,Finance,Junior,Technical,1.0,3026.46,No,3,2,4,1,1,No
EMP-0635,32,Customer Support,Senior,Technical,1.6,8156.92,No,3,4,2,1,1,No
EMP-0636,25,Customer Support,Junior,Business,4.0,2764.83,No,3,4,1,1,2,No
EMP-0637,38,HR,Mid,Business,1.7,4834.84,No,3,3,2,0,2,No
EMP-0638,32,Customer Support,Junior,Marketing,6.2,3036.59,Yes,3,4,4,1,2,Yes
EMP-0639,22,Finance,Senior,Other,1.0,8358.16,No,4,3,3,1,1,No
EMP-0640,32,Sales,Mid,Other,2.1,5537.8,Yes,1,4,8,0,2,No
EMP-0641,21,Sales,Mid,Technical,0.0,5660.88,Yes,1,2,10,0,0,Yes
EMP-0642,29,Sales,Senior,Marketing,8.0,6896.76,No,4,2,1,4,2,No
EMP-0643,23,Sales,Senior,Business,2.0,8181.37,No,1,4,4,2,2,No
EMP-0644,41,Engineering,Lead,Business,0.8,9172.38,No,2,4,1,0,1,No
EMP-0645,27,Sales,Senior,Marketing,0.6,8148.11,Yes,3,3,20,0,1,No
EMP-0646,29,Finance,Senior,Business,3.0,8167.73,Yes,2,3,8,2,2,Yes
EMP-0647,34,Engineering,Junior,Other,7.7,3370.9,No,4,2,24,1,4,No
EMP-0648,38,Engineering,Junior,Technical,1.7,3217.93,No,3,3,2,0,2,No
EMP-0649,27,Sales,Lead,Technical,0.8,11216.93,Yes,4,2,1,0,3,No
EMP-0650,21,Customer Support,Junior,Marketing,0.0,3193.41,No,3,2,9,0,2,No
EMP-0651,43,Engineering,Senior,Business,5.3,7517.01,No,4,2,1,1,0,No
EMP-0652,25,Sales,Lead,Technical,1.5,9882.1,Yes,3,4,3,1,2,No
EMP-0653,31,Engineering,Senior,Other,1.4,8012.48,Yes,2,2,1,1,3,Yes
EMP-0654,27,Customer Support,Senior,Business,2.1,6854.02,Yes,4,2,19,2,1,Yes
EMP-0655,40,Engineering,Junior,Technical,2.3,3575.69,No,4,1,7,0,1,Yes
EMP-0656,35,Sales,Junior,Other,6.4,2918.09,No,4,3,4,1,1,No
EMP-0657,40,Customer Support,Senior,Business,3.6,7262.86,No,4,1,3,3,3,No
EMP-0658,36,Sales,Mid,Technical,4.5,5602.1,No,1,3,1,2,1,No
EMP-0659,35,Customer Support,Junior,Technical,1.1,3576.74,Yes,3,3,4,1,1,No
EMP-0660,27,Sales,Mid,Other,1.1,4768.16,Yes,4,4,1,1,1,Yes
EMP-0661,33,Sales,Senior,Other,2.7,8362.55,No,4,1,6,1,5,Yes
EMP-0662,26,HR,Mid,Business,5.0,4264.29,No,4,2,6,5,1,Yes
EMP-0663,21,Engineering,Lead,Marketing,0.0,10546.56,No,4,2,3,0,0,No
EMP-0664,31,Engineering,Junior,Marketing,0.0,3835.08,No,4,3,1,0,4,No
EMP-0665,47,HR,Senior,Marketing,11.5,7521.47,No,3,4,2,1,2,No
EMP-0666,21,Finance,Senior,Business,0.0,8443.15,No,3,2,25,0,2,No
EMP-0667,37,Engineering,Junior,Marketing,0.6,3153.44,No,1,2,21,0,1,Yes
EMP-0668,30,Sales,Mid,Business,0.0,5083.94,No,2,1,6,0,2,No
EMP-0669,52,Engineering,Mid,Business,2.4,4880.87,Yes,2,2,1,1,2,No
EMP-0670,40,Engineering,Junior,Business,1.0,3469.55,No,3,3,17,1,5,No
EMP-0671,40,Sales,Mid,Other,0.6,5482.11,No,3,4,1,0,4,Yes
EMP-0672,36,Finance,Lead,Business,1.5,9216.41,No,4,4,8,0,1,Yes
EMP-0673,41,Finance,Senior,Business,7.9,8069.24,Yes,2,3,2,1,1,No
EMP-0674,33,Sales,Mid,Marketing,1.6,5542.56,No,3,1,8,0,1,Yes
EMP-0675,38,Marketing,Mid,Business,2.8,5345.55,No,2,4,1,0,1,No
EMP-0676,48,Customer Support,Junior,Business,0.1,2852.41,Yes,3,3,6,0,1,Yes
EMP-0677,21,Engineering,Lead,Marketing,0.0,8876.83,No,3,2,11,0,2,No
EMP-0678,29,Sales,Junior,Technical,0.1,2785.21,Yes,3,3,14,0,1,Yes
EMP-0679,38,Sales,Mid,Marketing,3.3,5394.27,Yes,2,3,2,2,1,Yes
EMP-0680,34,Sales,Mid,Technical,6.9,5625.05,Yes,1,4,17,4,1,No
EMP-0681,40,Engineering,Mid,Marketing,1.8,5302.31,No,3,4,12,0,2,No
EMP-0682,46,Marketing,Mid,Marketing,2.0,4147.99,No,3,3,1,2,2,No
EMP-0683,36,Sales,Junior,Marketing,0.7,2987.13,No,1,4,32,0,1,Yes
EMP-0684,35,Finance,Mid,Technical,0.3,4757.62,No,3,3,8,0,2,Yes
EMP-0685,28,Customer Support,Junior,Marketing,0.5,2798.52,No,2,3,1,0,2,No
EMP-0686,31,Engineering,Mid,Other,0.5,5175.58,No,1,2,1,0,1,Yes
EMP-0687,36,Engineering,Junior,Technical,2.7,3560.98,No,2,2,13,2,3,No
EMP-0688,36,Engineering,Junior,Other,1.4,3416.43,Yes,1,4,1,1,1,Yes
EMP-0689,27,Marketing,Mid,Marketing,4.4,4510.76,No,4,2,1,0,4,No
EMP-0690,35,Sales,Lead,Marketing,1.6,11325.24,Yes,3,4,9,1,2,No
EMP-0691,21,Customer Support,Mid,Marketing,0.0,4530.24,No,3,3,7,0,0,Yes
EMP-0692,21,Marketing,Junior,Business,0.0,3481.88,Yes,3,4,4,0,5,No
EMP-0693,44,Finance,Junior,Business,3.5,3032.47,No,2,4,1,2,2,No
EMP-0694,51,Customer Support,Junior,Business,0.2,2874.16,Yes,4,3,1,0,3,No
EMP-0695,46,Customer Support,Senior,Marketing,1.8,7776.06,No,3,3,20,1,1,No
EMP-0696,33,HR,Junior,Technical,2.2,3650.72,No,4,1,20,2,1,No
EMP-0697,54,Marketing,Mid,Technical,3.3,5591.97,No,4,2,10,1,1,No
EMP-0698,48,Engineering,Mid,Technical,0.3,4322.01,No,2,4,13,0,4,Yes
EMP-0699,37,HR,Mid,Marketing,0.6,4268.61,No,4,4,17,0,1,Yes
EMP-0700,33,Finance,Mid,Other,9.1,4244.7,No,3,3,10,1,1,No
EMP-0701,32,Engineering,Mid,Technical,0.3,5005.53,No,2,4,30,0,0,Yes
EMP-0702,24,Engineering,Junior,Other,3.0,3585.91,No,4,3,1,1,3,No
EMP-0703,36,Finance,Mid,Other,3.1,4286.67,Yes,3,4,13,0,3,Yes
EMP-0704,29,Engineering,Lead,Technical,1.1,8403.17,No,3,4,5,1,0,No
EMP-0705,44,Engineering,Senior,Business,0.8,6192.12,No,4,3,11,0,1,No
EMP-0706,44,Engineering,Mid,Other,3.0,4695.25,No,4,4,3,0,1,No
EMP-0707,25,Engineering,Mid,Marketing,3.7,5558.45,No,2,4,16,2,3,No
EMP-0708,26,Engineering,Mid,Other,3.6,5174.68,No,3,1,4,3,2,No
EMP-0709,32,Customer Support,Junior,Other,3.3,3360.35,No,3,4,8,3,0,No
EMP-0710,38,Engineering,Junior,Marketing,0.5,3537.99,No,3,1,18,0,1,No
EMP-0711,27,Finance,Mid,Other,0.3,4141.77,No,4,4,6,0,2,Yes
EMP-0712,36,Customer Support,Junior,Marketing,4.6,3029.22,Yes,3,4,16,4,5,No
EMP-0713,35,Engineering,Senior,Technical,0.3,6442.39,No,3,2,13,0,3,No
EMP-0714,23,Marketing,Junior,Other,0.8,3517.14,Yes,4,2,1,0,2,No
EMP-0715,36,Marketing,Lead,Business,3.0,11085.17,No,4,1,11,3,2,Yes
EMP-0716,45,Sales,Mid,Other,0.7,4288.81,No,4,2,1,0,3,No
EMP-0717,37,Engineering,Mid,Marketing,1.4,4379.72,Yes,4,4,11,1,1,No
EMP-0718,29,Customer Support,Lead,Other,3.5,8119.95,Yes,3,4,2,0,2,Yes
EMP-0719,26,Engineering,Mid,Marketing,1.0,5752.34,No,3,1,3,0,2,No
EMP-0720,42,Engineering,Junior,Business,0.3,3700.59,No,4,3,5,0,0,No
EMP-0721,32,Customer Support,Junior,Marketing,0.0,3461.32,Yes,4,2,8,0,3,No
EMP-0722,44,Customer Support,Mid,Technical,2.2,4836.23,Yes,1,1,9,0,1,Yes
EMP-0723,26,Marketing,Lead,Other,5.0,11327.21,No,1,2,1,0,5,No
EMP-0724,43,Engineering,Senior,Marketing,1.9,6569.02,Yes,3,4,1,1,0,No
EMP-0725,36,HR,Senior,Business,1.1,6492.78,No,4,3,11,1,2,Yes
EMP-0726,41,Sales,Junior,Business,0.9,3135.54,No,1,3,1,0,3,No
EMP-0727,33,Finance,Mid,Business,1.5,4399.3,No,1,1,10,0,1,No
EMP-0728,32,Customer Support,Junior,Marketing,3.4,3328.18,No,3,2,2,3,4,No
EMP-0729,32,Finance,Lead,Other,1.0,10107.75,No,4,3,2,1,2,No
EMP-0730,33,Customer Support,Mid,Technical,1.1,5400.76,Yes,3,2,7,1,1,No
EMP-0731,40,Customer Support,Junior,Technical,6.0,3228.98,Yes,3,3,13,2,1,No
EMP-0732,27,Sales,Mid,Business,0.5,4753.94,No,3,2,13,0,1,No
EMP-0733,21,Engineering,Lead,Business,0.0,9028.49,No,4,3,2,0,2,No
EMP-0734,30,HR,Junior,Business,0.4,3293.19,No,2,2,4,0,2,No
EMP-0735,37,Engineering,Mid,Business,3.8,4388.7,Yes,4,4,1,0,0,No
EMP-0736,46,Marketing,Mid,Business,2.3,5162.52,No,3,3,1,0,1,No
EMP-0737,34,Customer Support,Mid,Technical,12.7,4802.98,No,3,1,5,1,1,Yes
EMP-0738,40,Sales,Senior,Marketing,0.6,7694.59,Yes,2,1,6,0,1,Yes
EMP-0739,28,Marketing,Senior,Technical,3.2,6983.84,No,4,2,7,0,2,No
EMP-0740,31,Customer Support,Mid,Business,1.1,5028.55,Yes,4,4,11,1,4,Yes
EMP-0741,29,Sales,Mid,Business,6.3,5677.07,Yes,3,4,9,0,1,No
EMP-0742,49,Sales,Junior,Other,3.0,2786.88,No,3,3,5,0,2,No
EMP-0743,36,Finance,Mid,Business,1.2,4199.72,No,4,2,22,0,1,No
EMP-0744,47,Customer Support,Mid,Marketing,9.4,4657.39,Yes,3,2,28,8,6,Yes
EMP-0745,38,Sales,Junior,Marketing,0.6,3831.36,Yes,3,4,28,0,1,Yes
EMP-0746,35,Sales,Junior,Business,4.7,3097.44,No,1,2,15,2,4,Yes
EMP-0747,40,Finance,Lead,Business,2.1,9174.92,No,2,2,17,1,2,No
EMP-0748,23,Engineering,Mid,Other,2.0,4396.42,No,3,2,22,0,3,No
EMP-0749,39,Sales,Junior,Other,1.7,3143.57,Yes,4,4,3,1,1,No
EMP-0750,33,Customer Support,Lead,Other,0.7,10424.37,No,2,2,21,0,2,Yes
EMP-0751,23,Sales,Junior,Technical,2.0,2931.0,Yes,1,4,7,1,4,No
EMP-0752,43,Sales,Lead,Technical,2.3,9279.96,No,3,3,17,2,5,No
EMP-0753,48,Engineering,Senior,Other,5.4,7610.33,Yes,1,3,8,0,1,No
EMP-0754,34,Engineering,Mid,Other,4.3,4924.92,No,4,2,2,4,3,Yes
EMP-0755,23,Marketing,Junior,Other,0.0,3437.67,No,3,4,7,0,3,No
EMP-0756,34,HR,Mid,Other,1.7,4456.06,No,4,2,6,1,2,No
EMP-0757,46,Engineering,Senior,Other,3.8,7286.12,No,1,4,3,1,0,Yes
EMP-0758,38,Sales,Senior,Business,4.7,8308.46,No,3,4,1,0,2,No
EMP-0759,48,Sales,Mid,Technical,1.2,4298.11,Yes,4,4,15,1,1,No
EMP-0760,31,Sales,Senior,Other,5.4,8490.85,No,3,4,3,0,0,No
EMP-0761,31,Customer Support,Junior,Other,2.6,3047.15,No,3,3,6,0,2,No
EMP-0762,29,Engineering,Mid,Business,0.5,4530.48,Yes,3,4,7,0,2,No
EMP-0763,30,Engineering,Senior,Technical,9.0,6845.95,No,3,2,32,2,1,No
EMP-0764,39,Engineering,Mid,Marketing,4.1,5085.26,No,3,2,2,2,1,No
EMP-0765,21,Sales,Junior,Business,0.0,3700.19,No,1,1,6,0,2,No
EMP-0766,33,Engineering,Junior,Technical,5.8,3256.19,No,3,3,12,1,1,No
EMP-0767,34,Sales,Junior,Technical,1.3,3213.18,Yes,3,3,37,1,3,No
EMP-0768,33,Customer Support,Mid,Technical,1.4,4912.13,No,4,4,9,0,1,No
EMP-0769,46,Sales,Mid,Other,0.8,4320.46,No,1,3,8,0,1,No
EMP-0770,26,Engineering,Lead,Technical,1.3,10143.75,No,2,3,11,0,1,Yes
EMP-0771,37,Engineering,Mid,Technical,0.3,5273.1,No,3,3,1,0,4,No
EMP-0772,36,Sales,Mid,Technical,1.8,4757.97,Yes,3,2,4,0,1,No
EMP-0773,37,Marketing,Lead,Other,0.8,9872.16,No,3,3,5,0,5,No
EMP-0774,32,Customer Support,Mid,Technical,7.9,5642.4,Yes,2,4,4,0,2,Yes
EMP-0775,33,Engineering,Mid,Technical,0.1,4825.98,No,3,2,7,0,1,No
EMP-0776,40,Marketing,Junior,Business,2.8,3050.26,No,4,4,6,0,1,No
EMP-0777,41,Customer Support,Junior,Other,1.1,3630.0,No,3,3,4,1,1,No
EMP-0778,41,Sales,Senior,Technical,6.1,7546.95,Yes,1,4,5,1,2,No
EMP-0779,34,Engineering,Mid,Business,2.7,5218.68,No,2,3,3,2,2,Yes
EMP-0780,46,HR,Senior,Technical,11.1,6692.85,Yes,3,2,19,4,2,Yes
EMP-0781,28,Engineering,Mid,Business,0.4,5103.68,No,3,3,1,0,0,No
EMP-0782,38,Sales,Senior,Marketing,0.5,8340.82,Yes,4,1,21,0,3,Yes
EMP-0783,22,Sales,Senior,Business,1.0,7560.08,No,3,3,1,1,4,Yes
EMP-0784,25,Sales,Junior,Other,3.7,3612.45,No,4,3,24,0,5,No
EMP-0785,26,Engineering,Mid,Other,0.2,4120.8,No,4,4,1,0,1,No
EMP-0786,37,Finance,Senior,Technical,0.3,6804.17,Yes,3,2,5,0,2,No
EMP-0787,37,Marketing,Junior,Marketing,1.2,3379.79,No,4,2,3,1,1,Yes
EMP-0788,33,HR,Mid,Marketing,2.2,5210.88,No,4,2,9,1,1,No
EMP-0789,25,Marketing,Junior,Other,0.4,3435.92,No,1,2,1,0,0,Yes
EMP-0790,41,Sales,Senior,Marketing,0.6,6157.04,Yes,3,3,1,0,3,No
EMP-0791,51,Marketing,Junior,Marketing,5.0,2818.17,No,1,4,14,0,4,No
EMP-0792,43,Sales,Senior,Technical,2.3,8061.3,No,2,3,9,0,1,No
EMP-0793,33,HR,Junior,Business,3.3,3461.18,No,3,3,8,1,3,No
EMP-0794,31,Customer Support,Mid,Marketing,1.8,4379.11,No,1,2,7,0,0,No
EMP-0795,30,Sales,Senior,Marketing,8.4,6709.36,Yes,4,3,17,1,0,Yes
EMP-0796,38,Customer Support,Lead,Technical,0.1,10321.65,Yes,4,3,3,0,3,Yes
EMP-0797,45,Customer Support,Senior,Marketing,1.7,7480.77,Yes,3,4,19,0,5,No
EMP-0798,40,Marketing,Mid,Marketing,7.7,4928.17,Yes,3,3,1,0,0,Yes
EMP-0799,36,Marketing,Junior,Marketing,1.7,2877.8,No,3,4,1,1,4,No
EMP-0800,29,Marketing,Senior,Business,3.8,7674.69,No,3,3,20,0,0,No
EMP-0801,27,Marketing,Mid,Business,3.0,5211.19,Yes,4,1,18,0,1,No
EMP-0802,43,Finance,Junior,Marketing,2.6,3716.72,No,1,4,27,2,1,Yes
EMP-0803,32,HR,Junior,Other,1.2,3431.94,Yes,4,1,1,0,0,No
EMP-0804,37,Marketing,Mid,Technical,2.7,4334.55,Yes,3,3,4,2,3,No
EMP-0805,39,Engineering,Junior,Other,1.7,3124.71,No,3,3,2,1,2,No
EMP-0806,29,Engineering,Junior,Other,3.7,2899.25,No,3,4,2,1,1,No
EMP-0807,42,Customer Support,Mid,Technical,2.5,4585.63,Yes,3,1,7,0,5,No
EMP-0808,40,Engineering,Mid,Technical,15.5,4432.05,No,4,4,9,2,2,No
EMP-0809,39,Customer Support,Junior,Marketing,0.7,3568.61,Yes,2,4,16,0,0,No
EMP-0810,37,Sales,Junior,Technical,9.2,3243.14,Yes,3,1,1,4,2,No
EMP-0811,29,Customer Support,Junior,Business,0.3,3118.79,No,2,2,2,0,1,No
EMP-0812,31,Sales,Junior,Business,5.9,3447.31,No,3,3,1,4,1,No
EMP-0813,35,Sales,Junior,Technical,0.5,3698.15,Yes,4,3,12,0,6,No
EMP-0814,45,HR,Mid,Other,2.8,5743.78,No,3,4,24,2,1,No
EMP-0815,53,Sales,Junior,Other,1.3,3046.92,No,1,3,4,0,0,Yes
EMP-0816,28,Sales,Mid,Marketing,0.3,4530.68,No,4,3,5,0,2,No
EMP-0817,36,Sales,Senior,Technical,3.6,7523.91,Yes,4,2,6,0,1,No
EMP-0818,33,Engineering,Senior,Other,3.1,7287.99,Yes,4,3,12,2,1,No
EMP-0819,45,Finance,Junior,Technical,1.3,3623.44,No,1,2,8,1,2,Yes
EMP-0820,31,Customer Support,Mid,Other,0.6,5506.23,No,3,4,28,0,3,No
EMP-0821,26,Finance,Junior,Marketing,5.0,3447.14,Yes,2,3,3,0,0,No
EMP-0822,41,Sales,Mid,Business,5.2,5710.63,Yes,2,2,6,0,1,No
EMP-0823,34,Sales,Junior,Technical,2.2,3235.27,No,3,4,10,2,2,No
EMP-0824,35,Sales,Junior,Business,0.6,3495.75,No,4,2,18,0,2,Yes
EMP-0825,35,Sales,Mid,Marketing,0.2,4768.26,No,2,1,1,0,0,No
EMP-0826,32,Engineering,Mid,Business,4.8,4365.77,Yes,3,2,7,0,2,Yes
EMP-0827,21,Sales,Lead,Other,0.0,11097.3,No,2,2,15,0,3,Yes
EMP-0828,36,Sales,Senior,Marketing,0.5,7756.81,No,1,2,1,0,0,Yes
EMP-0829,39,Sales,Mid,Other,1.2,4228.38,Yes,3,1,17,1,1,No
EMP-0830,27,Customer Support,Senior,Marketing,2.4,6251.68,No,3,3,1,2,2,Yes
EMP-0831,41,Sales,Senior,Marketing,1.7,8252.95,No,3,3,4,1,0,No
EMP-0832,38,Customer Support,Lead,Marketing,2.5,8474.52,Yes,4,3,13,2,2,No
EMP-0833,38,Customer Support,Junior,Business,1.0,2777.84,Yes,3,3,1,1,2,No
EMP-0834,28,Sales,Mid,Technical,0.9,4293.93,No,1,4,2,0,1,No
EMP-0835,36,Engineering,Junior,Technical,0.3,2774.05,No,3,3,12,0,3,No
EMP-0836,36,Sales,Senior,Marketing,2.2,7158.89,Yes,2,3,19,0,1,No
EMP-0837,31,HR,Junior,Technical,8.3,2975.38,No,2,1,2,2,1,No
EMP-0838,31,Customer Support,Mid,Technical,0.6,4524.54,Yes,3,4,22,0,2,No
EMP-0839,34,Engineering,Mid,Marketing,3.5,4849.22,Yes,1,4,5,0,2,No
EMP-0840,33,Finance,Junior,Business,3.0,3232.0,Yes,4,1,15,1,2,Yes
EMP-0841,29,Sales,Mid,Other,1.3,4425.06,No,2,1,3,1,3,No
EMP-0842,24,Marketing,Lead,Other,3.0,8809.39,No,2,4,6,0,1,No
EMP-0843,33,Engineering,Senior,Marketing,4.1,7903.67,No,4,2,1,1,0,No
EMP-0844,22,Customer Support,Mid,Technical,1.0,4835.85,No,4,3,16,1,2,Yes
EMP-0845,37,HR,Junior,Other,0.1,2795.31,No,4,4,34,0,3,No
EMP-0846,41,Customer Support,Mid,Business,2.8,5634.89,No,4,2,1,0,2,No
EMP-0847,25,Finance,Mid,Technical,0.7,5554.95,No,3,4,4,0,5,No
EMP-0848,39,HR,Junior,Other,7.2,3701.53,No,3,2,6,1,1,No
EMP-0849,21,Sales,Junior,Business,0.0,3734.15,No,2,4,3,0,3,Yes
EMP-0850,32,Customer Support,Mid,Marketing,0.1,4739.42,Yes,3,3,1,0,2,Yes
EMP-0851,42,Sales,Junior,Technical,5.3,2997.44,Yes,1,4,9,2,1,No
EMP-0852,43,Marketing,Junior,Marketing,2.4,3830.27,No,4,3,5,1,1,No
EMP-0853,30,Sales,Senior,Marketing,4.6,6621.25,Yes,4,3,14,0,3,No
EMP-0854,31,Customer Support,Mid,Marketing,3.7,5221.2,Yes,4,4,4,0,3,Yes
EMP-0855,42,Customer Support,Mid,Technical,5.0,4799.84,No,3,3,1,3,4,No
EMP-0856,27,Marketing,Lead,Business,6.0,8525.74,No,2,1,3,1,2,No
EMP-0857,37,Finance,Junior,Marketing,9.5,3728.22,Yes,3,4,2,2,3,Yes
EMP-0858,34,Customer Support,Junior,Other,0.8,3639.16,Yes,1,3,8,0,4,Yes
EMP-0859,28,Marketing,Mid,Technical,3.2,4724.95,No,4,3,33,1,6,No
EMP-0860,32,Engineering,Junior,Business,1.6,3227.45,No,4,3,8,0,1,No
EMP-0861,33,Finance,Junior,Other,8.5,3566.75,No,4,2,7,0,3,No
EMP-0862,34,HR,Junior,Marketing,8.2,3682.62,No,1,4,3,0,1,No
EMP-0863,32,Customer Support,Lead,Marketing,0.5,8632.12,No,4,3,18,0,2,No
EMP-0864,34,Customer Support,Mid,Other,1.2,4592.73,No,2,2,1,1,5,No
EMP-0865,30,Engineering,Junior,Technical,5.1,3546.85,Yes,2,4,22,4,3,No
EMP-0866,29,Customer Support,Junior,Marketing,1.1,3462.63,Yes,2,2,1,1,5,Yes
EMP-0867,49,Customer Support,Junior,Marketing,1.0,2734.41,Yes,4,2,17,0,2,No
EMP-0868,36,HR,Junior,Other,1.5,3807.62,No,4,1,3,1,0,No
EMP-0869,26,Sales,Mid,Business,1.1,4195.62,Yes,2,3,2,1,0,No
EMP-0870,43,HR,Senior,Business,0.0,7903.11,Yes,2,2,2,0,3,Yes
EMP-0871,27,Finance,Mid,Other,0.4,4390.08,No,1,4,7,0,0,No
EMP-0872,32,Sales,Mid,Business,5.3,5126.43,No,2,2,1,2,0,No
EMP-0873,36,Customer Support,Lead,Business,1.5,10266.47,Yes,2,1,2,1,3,No
EMP-0874,25,Engineering,Mid,Technical,2.0,5119.8,Yes,3,1,1,2,2,No
EMP-0875,38,Marketing,Junior,Other,3.9,2812.25,No,2,3,1,2,2,No
EMP-0876,29,Finance,Junior,Business,0.2,2733.78,No,3,3,4,0,3,No
EMP-0877,48,Engineering,Junior,Business,2.1,3195.98,No,4,2,1,2,0,Yes
EMP-0878,40,Sales,Mid,Technical,2.7,5211.21,No,3,2,2,1,1,No
EMP-0879,25,Engineering,Junior,Technical,3.5,2932.59,No,3,2,2,2,1,No
EMP-0880,27,Engineering,Senior,Technical,1.2,7582.25,Yes,3,3,13,1,2,No
EMP-0881,37,Customer Support,Senior,Marketing,8.8,8450.66,Yes,3,3,11,0,0,No
EMP-0882,24,Sales,Senior,Marketing,0.3,8448.01,Yes,3,4,5,0,2,No
EMP-0883,29,Finance,Senior,Business,0.5,6839.37,No,4,1,6,0,2,No
EMP-0884,37,Finance,Junior,Marketing,2.9,2967.92,No,4,2,17,1,1,Yes
EMP-0885,33,Customer Support,Mid,Marketing,7.4,4621.32,No,4,2,11,3,4,No
EMP-0886,30,HR,Junior,Marketing,7.7,2741.02,Yes,4,2,8,1,2,Yes
EMP-0887,29,Sales,Mid,Business,1.7,4629.03,Yes,4,3,9,0,1,No
EMP-0888,28,Sales,Senior,Technical,1.5,7614.24,Yes,4,4,7,1,2,No
EMP-0889,36,Engineering,Junior,Other,0.4,3806.86,No,3,1,3,0,1,Yes
EMP-0890,25,Sales,Lead,Other,0.5,8117.8,Yes,3,1,2,0,0,No
EMP-0891,24,Sales,Junior,Business,1.4,2966.8,No,2,3,1,1,3,No
EMP-0892,48,Sales,Junior,Technical,1.4,3449.79,Yes,3,3,5,1,1,Yes
EMP-0893,31,Customer Support,Junior,Other,0.8,3182.36,No,2,4,13,0,1,Yes
EMP-0894,39,Finance,Mid,Marketing,10.9,4362.53,No,3,4,8,0,3,No
EMP-0895,21,Customer Support,Mid,Marketing,0.0,5307.17,No,4,3,4,0,3,No
EMP-0896,43,Marketing,Junior,Marketing,0.4,3765.85,No,1,2,2,0,1,No
EMP-0897,40,Marketing,Mid,Other,0.3,5724.51,No,2,3,16,0,1,No
EMP-0898,25,Marketing,Senior,Business,2.7,8212.19,No,1,4,40,0,2,Yes
EMP-0899,34,Sales,Mid,Other,2.1,4971.15,Yes,1,2,5,1,1,No
EMP-0900,41,Finance,Lead,Other,0.6,9271.41,Yes,3,4,7,0,4,Yes
EMP-0901,24,Engineering,Senior,Business,3.0,7838.11,Yes,4,2,27,0,0,No
EMP-0902,29,Engineering,Mid,Marketing,3.1,4364.56,No,2,3,34,2,2,No
EMP-0903,41,Marketing,Mid,Business,3.1,4821.75,No,3,1,2,0,5,No
EMP-0904,30,Sales,Senior,Other,0.4,8629.37,No,3,3,6,0,3,No
EMP-0905,45,Engineering,Mid,Marketing,5.1,5150.34,No,3,3,3,1,3,No
EMP-0906,29,Engineering,Junior,Other,0.2,3504.9,No,4,3,15,0,0,Yes
EMP-0907,36,Engineering,Junior,Other,0.8,3770.0,No,4,3,9,0,2,No
EMP-0908,46,Marketing,Mid,Technical,3.0,5695.24,No,3,2,4,0,3,Yes
EMP-0909,37,HR,Junior,Other,0.8,3656.63,No,3,3,2,0,3,No
EMP-0910,21,Engineering,Mid,Marketing,0.0,5599.1,Yes,4,4,5,0,3,No
EMP-0911,33,Engineering,Mid,Technical,8.2,4614.21,No,4,4,40,0,0,No
EMP-0912,25,Marketing,Junior,Business,3.2,2787.94,No,3,2,2,1,1,No
EMP-0913,33,Marketing,Senior,Business,0.5,8465.84,Yes,4,2,4,0,3,No
EMP-0914,36,Engineering,Junior,Technical,7.3,2839.18,Yes,2,3,1,2,4,Yes
EMP-0915,26,Marketing,Lead,Business,1.3,9418.61,Yes,4,4,4,1,1,No
EMP-0916,28,Engineering,Senior,Marketing,3.6,8257.77,No,1,1,8,0,5,No
EMP-0917,31,Customer Support,Mid,Marketing,1.7,4646.69,Yes,4,1,1,1,1,Yes
EMP-0918,40,Marketing,Senior,Marketing,2.1,7730.9,No,1,4,32,0,2,No
EMP-0919,21,Sales,Junior,Marketing,0.0,3484.32,No,4,2,17,0,1,No
EMP-0920,41,Marketing,Senior,Marketing,7.9,7598.83,No,3,3,7,5,2,No
EMP-0921,23,Marketing,Senior,Marketing,0.0,7166.09,No,4,3,1,0,1,No
EMP-0922,23,Sales,Junior,Other,2.0,2816.58,No,4,3,3,2,0,No
EMP-0923,26,Engineering,Mid,Marketing,1.5,4678.46,No,2,2,2,0,2,Yes
EMP-0924,32,Marketing,Mid,Technical,9.0,4375.6,No,4,4,4,2,3,No
EMP-0925,32,Engineering,Junior,Marketing,2.1,3424.18,No,1,3,8,1,3,Yes
EMP-0926,27,Sales,Junior,Business,5.1,3358.66,No,2,3,3,1,1,No
EMP-0927,23,Customer Support,Junior,Marketing,2.0,3538.42,Yes,3,2,5,0,3,Yes
EMP-0928,33,Marketing,Mid,Other,0.1,4668.93,Yes,3,3,4,0,3,No
EMP-0929,50,HR,Lead,Other,4.7,8250.01,Yes,4,3,10,2,1,No
EMP-0930,29,Engineering,Junior,Marketing,6.1,2841.69,Yes,4,2,4,0,0,Yes
EMP-0931,26,Customer Support,Senior,Marketing,5.0,8160.41,No,3,4,9,0,1,No
EMP-0932,30,Sales,Junior,Business,0.3,2776.81,No,2,4,8,0,3,No
EMP-0933,44,Engineering,Junior,Marketing,1.5,3724.74,No,1,2,16,0,3,No
EMP-0934,24,Finance,Mid,Technical,1.1,4830.52,No,4,3,7,1,2,No
EMP-0935,24,Sales,Junior,Technical,2.5,3626.28,No,4,3,23,0,0,No
EMP-0936,21,Customer Support,Junior,Marketing,0.0,3532.98,No,3,3,2,0,0,No
EMP-0937,40,HR,Junior,Marketing,2.7,3790.75,No,3,4,1,1,3,No
EMP-0938,40,Customer Support,Senior,Marketing,3.9,7527.14,No,4,4,10,0,3,No
EMP-0939,21,Marketing,Junior,Marketing,0.0,3047.67,Yes,1,4,2,0,1,No
EMP-0940,30,Finance,Junior,Other,4.6,3237.7,No,3,3,2,2,2,No
EMP-0941,25,Engineering,Mid,Marketing,0.1,4145.01,No,1,3,3,0,4,No
EMP-0942,32,Sales,Senior,Business,1.3,8004.53,No,3,3,14,1,0,No
EMP-0943,48,Sales,Mid,Other,0.5,4374.07,Yes,2,4,9,0,4,No
EMP-0944,31,Marketing,Mid,Other,5.1,4805.17,Yes,2,2,10,0,3,Yes
EMP-0945,34,Marketing,Junior,Marketing,4.6,3370.39,No,1,2,13,1,1,No
EMP-0946,35,Customer Support,Lead,Business,3.6,8122.57,Yes,3,3,2,2,3,No
EMP-0947,46,Engineering,Senior,Marketing,5.5,6440.29,No,2,1,6,1,1,Yes
EMP-0948,35,Sales,Junior,Technical,1.3,3333.39,No,4,3,4,1,3,Yes
EMP-0949,44,Sales,Senior,Business,2.1,6149.78,No,1,2,1,0,1,No
EMP-0950,31,Engineering,Mid,Marketing,7.6,5492.64,No,2,1,17,0,4,No
EMP-0951,43,Customer Support,Mid,Technical,3.1,4255.79,Yes,3,3,10,2,6,No
EMP-0952,29,Customer Support,Mid,Marketing,4.5,5606.33,No,1,4,1,0,1,No
EMP-0953,39,Sales,Mid,Other,13.3,4224.8,Yes,4,3,2,3,1,Yes
EMP-0954,42,Finance,Senior,Marketing,5.1,6249.61,No,3,3,11,0,1,No
EMP-0955,28,Customer Support,Mid,Other,0.3,4559.96,Yes,3,4,5,0,3,No
EMP-0956,31,Customer Support,Mid,Marketing,4.3,4553.46,Yes,2,2,2,4,2,No
EMP-0957,27,Sales,Junior,Other,1.0,3171.09,No,3,1,2,1,1,No
EMP-0958,25,Sales,Senior,Marketing,1.5,7522.92,No,3,3,1,1,2,No
EMP-0959,29,Sales,Mid,Other,1.9,4922.47,No,1,3,11,1,1,Yes
EMP-0960,34,Finance,Junior,Business,0.7,2878.27,No,4,3,1,0,3,No
EMP-0961,21,Customer Support,Junior,Technical,0.0,3722.68,No,1,2,2,0,1,Yes
EMP-0962,31,Customer Support,Junior,Marketing,0.6,3427.4,Yes,4,4,1,0,4,No
EMP-0963,50,HR,Senior,Technical,3.2,8440.41,No,3,2,15,0,1,No
EMP-0964,21,Customer Support,Mid,Technical,0.0,5033.04,No,1,1,2,0,0,Yes
EMP-0965,28,Engineering,Senior,Technical,1.0,8298.25,Yes,4,2,19,0,2,No
EMP-0966,43,Customer Support,Junior,Other,3.9,3569.81,Yes,3,3,1,0,3,No
EMP-0967,31,Engineering,Junior,Business,4.4,2935.75,No,1,2,1,0,2,No
EMP-0968,25,Sales,Senior,Business,0.2,7191.78,No,4,4,26,0,1,No
EMP-0969,43,Finance,Senior,Marketing,2.8,8633.16,No,3,3,1,1,5,No
EMP-0970,28,Sales,Mid,Other,5.1,4319.59,No,2,3,6,2,3,No
EMP-0971,43,Marketing,Mid,Technical,1.4,4910.91,No,3,3,8,1,1,No
EMP-0972,43,Sales,Junior,Other,0.9,3450.28,Yes,2,4,10,0,5,No
EMP-0973,23,Sales,Mid,Marketing,2.0,4627.58,Yes,1,2,27,1,3,No
EMP-0974,23,Finance,Mid,Marketing,1.3,5063.31,No,4,1,1,0,1,No
EMP-0975,37,Marketing,Mid,Technical,0.6,4790.87,No,1,3,2,0,4,No
EMP-0976,37,Customer Support,Lead,Marketing,4.2,11099.44,No,4,2,25,0,0,No
EMP-0977,21,Marketing,Junior,Marketing,0.0,3790.53,No,4,3,3,0,2,No
EMP-0978,34,Engineering,Junior,Other,0.4,3327.49,No,4,1,8,0,0,No
EMP-0979,31,Marketing,Junior,Marketing,0.2,3143.51,No,4,3,4,0,1,No
EMP-0980,42,HR,Mid,Other,3.4,5611.66,Yes,4,4,2,1,3,No
EMP-0981,30,Sales,Junior,Technical,2.9,3829.03,No,4,1,5,0,1,No
EMP-0982,39,Finance,Senior,Business,1.5,7480.6,No,1,4,18,1,2,No
EMP-0983,34,Finance,Senior,Technical,3.7,6226.97,No,3,3,7,3,2,No
EMP-0984,32,Engineering,Junior,Marketing,3.7,3044.05,Yes,4,3,4,0,1,No
EMP-0985,43,HR,Senior,Technical,2.7,6276.38,No,4,3,18,0,6,No
EMP-0986,42,Marketing,Junior,Marketing,2.8,2855.1,No,2,4,11,2,1,No
EMP-0987,44,Sales,Senior,Business,2.3,6972.18,No,2,3,7,2,1,No
EMP-0988,37,Finance,Mid,Other,4.9,5748.0,No,2,3,12,1,3,No
EMP-0989,39,Sales,Junior,Other,0.0,3035.77,Yes,4,3,2,0,0,No
EMP-0990,48,Marketing,Lead,Business,0.4,9382.07,No,2,1,9,0,3,Yes
EMP-0991,42,Customer Support,Junior,Business,2.0,3205.1,Yes,3,3,12,1,3,No
EMP-0992,34,Sales,Mid,Technical,3.3,5574.16,No,1,4,6,0,3,No
EMP-0993,21,Customer Support,Mid,Business,0.0,5397.4,No,3,3,7,0,1,No
EMP-0994,38,Sales,Senior,Business,0.5,7724.07,No,2,2,8,0,1,No
EMP-0995,22,Marketing,Junior,Other,0.3,3139.89,No,1,4,3,0,2,No
EMP-0996,27,Marketing,Mid,Business,1.0,5723.39,No,3,2,20,1,4,No
EMP-0997,34,Sales,Mid,Technical,0.6,4629.29,No,2,3,2,0,1,No
EMP-0998,33,Customer Support,Mid,Business,6.0,5450.59,Yes,1,4,4,2,2,Yes
EMP-0999,32,Customer Support,Senior,Business,1.1,8142.48,Yes,3,4,10,0,0,No
EMP-1000,35,Engineering,Junior,Technical,3.0,2772.87,No,1,2,2,0,3,No
EMP-1001,39,HR,Junior,Technical,0.5,3090.91,Yes,4,2,16,0,3,No
EMP-1002,30,Sales,Junior,Business,6.6,3482.13,No,2,3,2,0,3,No
EMP-1003,27,Sales,Junior,Marketing,6.0,3636.31,Yes,4,4,6,1,2,No
EMP-1004,39,Engineering,Junior,Business,2.5,3066.23,Yes,2,3,7,0,3,No
EMP-1005,45,Customer Support,Mid,Marketing,1.5,5178.03,Yes,1,3,8,0,1,Yes
EMP-1006,23,HR,Lead,Marketing,0.9,9126.91,No,4,4,5,0,2,Yes
EMP-1007,36,Engineering,Junior,Other,0.4,2724.85,No,4,3,3,0,3,No
EMP-1008,22,Engineering,Junior,Other,1.0,3096.3,No,3,4,22,0,1,No
EMP-1009,37,Marketing,Senior,Business,0.6,8457.26,No,3,4,6,0,3,No
EMP-1010,48,Sales,Mid,Marketing,2.6,4525.79,No,3,3,1,0,1,No
EMP-1011,27,HR,Senior,Technical,5.2,8300.47,Yes,4,2,16,1,1,Yes
EMP-1012,25,Finance,Mid,Business,0.6,5281.99,No,3,4,4,0,2,No
EMP-1013,22,Finance,Senior,Business,0.4,8482.17,No,3,2,10,0,2,No
EMP-1014,41,Engineering,Mid,Other,1.2,4186.79,No,3,3,2,0,2,No
EMP-1015,36,Customer Support,Junior,Business,0.6,3695.26,Yes,3,3,3,0,1,Yes
EMP-1016,36,Customer Support,Mid,Other,4.7,4242.8,Yes,3,2,1,2,1,Yes
EMP-1017,24,Customer Support,Mid,Other,1.1,4432.27,Yes,3,3,40,1,3,Yes
EMP-1018,45,Sales,Mid,Other,4.1,4135.54,No,3,3,1,2,4,No
EMP-1019,35,Engineering,Junior,Marketing,9.8,2891.46,No,4,4,1,3,2,No
EMP-1020,30,Customer Support,Mid,Marketing,1.2,4394.39,Yes,3,4,3,0,3,No
EMP-1021,33,Sales,Senior,Technical,1.7,8560.63,No,2,3,1,1,0,No
EMP-1022,48,Marketing,Senior,Marketing,1.9,6621.19,No,3,4,8,1,2,No
EMP-1023,25,Marketing,Mid,Marketing,4.0,4665.41,No,2,3,1,0,1,No
EMP-1024,37,Customer Support,Mid,Technical,5.9,4585.86,Yes,4,3,2,1,3,No
EMP-1025,21,Marketing,Junior,Marketing,0.0,3395.35,No,3,3,18,0,3,No
EMP-1026,36,Customer Support,Mid,Marketing,5.2,5179.22,No,1,3,2,1,1,Yes
EMP-1027,29,Sales,Junior,Other,1.7,3425.11,No,2,2,14,1,2,Yes
EMP-1028,54,Sales,Lead,Business,2.4,9756.26,No,4,4,2,0,1,No
EMP-1029,34,Engineering,Mid,Other,10.4,4939.46,No,4,2,4,9,1,Yes
EMP-1030,24,Sales,Junior,Marketing,3.0,2745.09,No,1,3,25,3,3,No
EMP-1031,24,Engineering,Mid,Marketing,0.2,4274.08,No,2,4,2,0,4,No
EMP-1032,21,Engineering,Junior,Other,0.0,3678.65,No,3,4,12,0,2,Yes
EMP-1033,37,Engineering,Mid,Business,0.4,4592.46,No,1,3,3,0,3,No
EMP-1034,36,Engineering,Mid,Technical,3.3,4849.22,No,2,2,12,0,2,Yes
EMP-1035,38,Finance,Junior,Technical,1.0,3326.44,Yes,4,3,3,1,1,No
EMP-1036,33,Engineering,Mid,Technical,5.1,4160.98,No,1,2,2,3,6,No
EMP-1037,27,Customer Support,Mid,Other,4.1,5497.13,Yes,2,4,15,0,3,No
EMP-1038,33,Engineering,Mid,Business,0.4,4525.32,No,3,4,13,0,1,No
EMP-1039,24,Customer Support,Junior,Technical,0.4,2871.85,Yes,2,4,1,0,2,No
EMP-1040,39,Engineering,Mid,Marketing,0.2,4577.31,No,3,4,7,0,2,No
EMP-1041,25,Engineering,Junior,Other,1.3,3550.37,No,3,4,13,0,1,No
EMP-1042,38,Sales,Mid,Business,4.2,5674.39,No,1,3,7,0,2,No
EMP-1043,26,Sales,Mid,Marketing,1.4,4218.98,No,3,3,4,1,1,No
EMP-1044,26,Customer Support,Mid,Business,5.0,5024.69,Yes,4,2,21,4,1,Yes
EMP-1045,27,HR,Mid,Business,5.4,4828.19,Yes,1,1,1,4,0,No
EMP-1046,36,HR,Junior,Other,6.9,3531.38,Yes,3,3,7,4,2,No
EMP-1047,30,Engineering,Mid,Marketing,4.8,5425.2,No,3,3,1,0,1,No
EMP-1048,26,Engineering,Mid,Technical,4.9,4650.53,Yes,3,3,1,3,3,No
EMP-1049,32,Marketing,Junior,Marketing,4.5,3204.31,No,3,4,1,0,4,No
EMP-1050,34,Sales,Junior,Business,0.9,2994.18,No,3,2,11,0,4,No
EMP-1051,38,Sales,Mid,Other,5.3,5159.56,No,3,3,1,2,1,No
EMP-1052,34,Customer Support,Mid,Business,0.6,5356.39,No,3,1,8,0,1,Yes
EMP-1053,31,Sales,Mid,Other,2.6,4741.67,No,1,3,9,1,1,No
EMP-1054,39,HR,Mid,Other,4.1,4488.34,No,3,2,1,0,1,No
EMP-1055,42,Sales,Junior,Other,0.8,2972.96,Yes,3,2,40,0,3,No
EMP-1056,21,Customer Support,Mid,Business,0.0,4794.94,Yes,1,3,29,0,2,No
EMP-1057,28,HR,Senior,Other,1.2,8479.07,No,4,4,14,0,1,No
EMP-1058,42,Customer Support,Lead,Marketing,0.5,11054.04,Yes,1,4,7,0,1,No
EMP-1059,21,Customer Support,Senior,Other,0.0,8634.27,No,3,4,38,0,3,Yes
EMP-1060,30,Sales,Junior,Business,3.2,3505.63,No,4,3,10,2,3,No
EMP-1061,44,Customer Support,Junior,Other,6.1,3731.02,Yes,4,3,2,2,0,No
EMP-1062,30,Sales,Senior,Other,1.4,8370.89,Yes,4,3,12,1,2,No
EMP-1063,33,Sales,Mid,Marketing,1.8,4114.71,Yes,1,3,10,1,5,No
EMP-1064,39,Customer Support,Junior,Other,3.2,3153.58,Yes,3,4,11,0,1,No
EMP-1065,24,Finance,Junior,Other,3.0,2767.08,Yes,3,3,2,2,0,No
EMP-1066,31,Finance,Senior,Technical,7.4,8565.26,No,3,4,2,5,4,No
EMP-1067,31,Engineering,Junior,Business,2.1,2825.12,Yes,4,2,6,2,3,Yes
EMP-1068,29,Sales,Mid,Marketing,0.4,5109.04,Yes,3,1,10,0,2,Yes
EMP-1069,23,Sales,Mid,Marketing,2.0,4407.65,Yes,3,3,1,1,3,No
EMP-1070,23,Customer Support,Mid,Other,2.0,5252.1,No,4,4,13,0,0,Yes
EMP-1071,29,HR,Junior,Technical,6.5,3178.32,No,3,4,7,0,1,No
EMP-1072,37,Finance,Senior,Marketing,2.2,6957.62,No,4,3,1,0,6,No
EMP-1073,24,Engineering,Junior,Technical,3.0,3440.01,No,4,4,14,3,0,Yes
EMP-1074,28,Customer Support,Mid,Other,1.7,4630.17,Yes,4,3,21,1,3,No
EMP-1075,26,Customer Support,Senior,Technical,4.4,7568.1,Yes,3,3,4,2,2,No
EMP-1076,50,Engineering,Senior,Technical,1.5,7571.54,Yes,3,2,8,1,0,No
EMP-1077,32,Engineering,Senior,Business,1.8,6248.26,No,1,2,5,1,4,No
EMP-1078,26,HR,Junior,Business,2.0,3189.74,No,4,1,2,1,1,No
EMP-1079,40,Engineering,Mid,Marketing,3.3,4638.08,No,4,3,6,2,2,No
EMP-1080,38,Sales,Junior,Other,4.3,2962.39,No,2,3,7,1,3,Yes
EMP-1081,37,Engineering,Senior,Other,3.5,6447.91,No,4,2,6,3,1,Yes
EMP-1082,23,Engineering,Senior,Technical,1.0,6176.98,No,3,4,20,0,0,No
EMP-1083,35,Marketing,Junior,Other,2.2,3521.21,Yes,1,4,13,2,3,No
EMP-1084,21,Finance,Junior,Technical,0.0,3225.59,No,4,3,6,0,2,No
EMP-1085,27,Finance,Junior,Other,6.0,2872.48,Yes,2,4,6,1,2,Yes
EMP-1086,35,Sales,Lead,Technical,3.0,11221.09,No,3,4,1,0,2,No
EMP-1087,42,Customer Support,Mid,Marketing,1.8,4902.86,Yes,3,2,4,0,3,No
EMP-1088,39,Finance,Mid,Technical,3.9,4129.59,No,2,2,4,1,1,No
EMP-1089,38,Sales,Senior,Technical,5.6,8370.83,Yes,3,1,2,0,2,No
EMP-1090,21,Customer Support,Mid,Technical,0.0,5152.75,Yes,3,4,6,0,3,Yes
EMP-1091,24,Finance,Lead,Other,3.0,8463.48,Yes,3,2,20,0,1,No
EMP-1092,32,Sales,Senior,Other,2.1,7006.67,Yes,3,2,19,0,3,Yes
EMP-1093,29,HR,Junior,Business,0.8,3597.11,No,3,4,4,0,1,No
EMP-1094,37,Marketing,Junior,Technical,4.3,2830.84,Yes,3,3,8,0,2,Yes
EMP-1095,23,Finance,Junior,Technical,0.1,3562.75,No,1,3,6,0,1,Yes
EMP-1096,35,Marketing,Senior,Technical,3.3,7892.78,No,4,2,6,1,0,No
EMP-1097,37,Engineering,Junior,Technical,1.1,3075.32,No,1,4,1,1,6,No
EMP-1098,36,Sales,Senior,Technical,1.7,6710.15,No,1,4,10,1,2,No
EMP-1099,33,Engineering,Junior,Other,0.3,3498.78,No,1,4,12,0,1,No
EMP-1100,46,Sales,Junior,Business,2.1,2928.3,Yes,2,4,6,0,2,No
EMP-1101,35,Sales,Junior,Technical,6.6,3104.3,No,4,3,1,0,1,No
EMP-1102,28,Engineering,Mid,Business,7.0,4276.58,No,4,1,7,2,2,No
EMP-1103,37,Sales,Mid,Technical,7.2,4520.2,Yes,2,2,7,2,0,No
EMP-1104,36,Marketing,Lead,Business,5.0,11244.08,No,4,3,10,1,0,No
EMP-1105,37,Engineering,Junior,Other,3.0,3654.3,Yes,4,1,32,1,1,Yes
EMP-1106,26,Marketing,Senior,Technical,5.0,8113.47,Yes,3,2,1,0,2,Yes
EMP-1107,34,Customer Support,Senior,Business,1.1,6251.0,Yes,3,1,8,1,0,Yes
EMP-1108,25,Sales,Mid,Technical,0.3,4459.06,No,3,2,11,0,4,No
EMP-1109,26,Customer Support,Junior,Business,5.0,2917.49,Yes,3,4,1,5,1,No
EMP-1110,44,Marketing,Junior,Technical,7.9,2811.51,No,4,1,18,0,1,No
EMP-1111,45,Customer Support,Junior,Marketing,2.3,3621.43,Yes,1,2,6,0,2,Yes
EMP-1112,40,Engineering,Mid,Marketing,4.9,4993.21,No,3,3,17,2,2,No
EMP-1113,30,HR,Junior,Marketing,2.9,2907.59,No,1,1,13,0,0,No
EMP-1114,27,Finance,Senior,Other,6.0,7999.91,Yes,4,1,17,1,1,No
EMP-1115,32,Sales,Mid,Technical,5.7,4980.11,No,2,4,5,1,0,No
EMP-1116,31,Customer Support,Mid,Business,7.7,4204.67,Yes,2,2,3,1,1,Yes
EMP-1117,40,Sales,Mid,Other,0.3,5245.69,No,3,2,1,0,1,No
EMP-1118,37,Customer Support,Junior,Marketing,0.2,3053.03,Yes,1,4,1,0,1,No
EMP-1119,47,Sales,Senior,Technical,4.2,6516.61,No,3,3,3,0,4,No
EMP-1120,30,Engineering,Mid,Business,1.8,4164.58,No,2,3,1,1,3,No
EMP-1121,37,Engineering,Senior,Other,13.0,8150.35,No,4,3,2,0,2,No
EMP-1122,29,Engineering,Junior,Business,0.8,3421.87,No,4,4,3,0,2,No
EMP-1123,36,Marketing,Junior,Other,6.4,3336.96,No,1,2,1,3,2,Yes
EMP-1124,37,Engineering,Mid,Marketing,0.6,4205.06,No,2,2,26,0,3,Yes
EMP-1125,31,Engineering,Junior,Business,0.1,2873.56,Yes,3,2,6,0,3,No
EMP-1126,26,Customer Support,Mid,Technical,5.0,5112.91,No,3,1,1,0,1,Yes
EMP-1127,41,Engineering,Mid,Technical,7.4,4254.18,No,1,3,7,0,4,No
EMP-1128,41,Marketing,Senior,Technical,2.3,6817.04,Yes,2,3,4,1,3,Yes
EMP-1129,33,Marketing,Junior,Business,0.6,3274.89,No,4,3,4,0,3,No
EMP-1130,35,Customer Support,Senior,Technical,2.2,6729.7,Yes,3,3,1,0,2,No
EMP-1131,31,HR,Junior,Technical,10.0,3457.2,No,4,2,1,4,1,Yes
EMP-1132,37,Sales,Junior,Business,3.2,3107.22,No,4,2,17,1,2,No
EMP-1133,21,Engineering,Mid,Business,0.0,4943.83,No,2,3,5,0,1,No
EMP-1134,36,Engineering,Senior,Business,0.3,7294.86,No,4,2,7,0,4,No
EMP-1135,36,Customer Support,Junior,Technical,5.2,3016.69,Yes,4,2,4,2,0,No
EMP-1136,37,Customer Support,Senior,Business,0.1,7118.26,Yes,1,4,1,0,0,No
EMP-1137,24,Finance,Junior,Marketing,0.8,3498.82,No,4,4,1,0,4,No
EMP-1138,29,Marketing,Junior,Technical,0.9,3827.87,No,4,2,13,0,2,No
EMP-1139,26,Finance,Junior,Other,1.8,3361.68,Yes,2,3,1,1,1,No
EMP-1140,35,Customer Support,Junior,Marketing,1.0,2769.45,No,3,3,33,0,4,Yes
EMP-1141,25,Marketing,Mid,Other,1.9,4335.26,No,3,4,33,0,1,No
EMP-1142,42,Sales,Senior,Technical,5.3,7238.34,No,4,4,10,0,0,No
EMP-1143,38,HR,Mid,Technical,1.4,5231.15,No,3,2,1,1,1,No
EMP-1144,34,Finance,Senior,Technical,3.1,7179.75,No,2,3,16,3,1,No
EMP-1145,39,Sales,Junior,Marketing,3.4,2773.17,Yes,4,3,1,0,1,No
EMP-1146,25,HR,Junior,Business,1.3,3147.49,No,4,3,19,1,1,No
EMP-1147,39,Finance,Mid,Other,1.1,4757.62,No,3,4,1,0,5,No
EMP-1148,43,Customer Support,Junior,Business,2.6,2863.9,No,4,4,3,2,2,No
EMP-1149,34,Finance,Mid,Technical,0.0,5087.5,No,4,4,7,0,2,No
EMP-1150,37,Finance,Junior,Marketing,0.1,2828.19,No,2,3,4,0,0,No
EMP-1151,33,Finance,Junior,Marketing,3.0,3626.88,Yes,4,3,2,3,1,No
EMP-1152,31,Customer Support,Senior,Other,1.8,7786.19,Yes,3,2,5,1,3,No
EMP-1153,39,HR,Senior,Technical,4.3,8108.01,No,3,4,2,0,0,No
EMP-1154,36,Engineering,Mid,Marketing,3.3,5227.76,No,3,3,10,0,2,No
EMP-1155,37,Marketing,Senior,Technical,0.6,6499.37,No,2,3,11,0,1,No
EMP-1156,40,Engineering,Senior,Marketing,0.7,7029.37,No,4,2,6,0,4,No
EMP-1157,38,HR,Mid,Business,5.3,4247.04,No,4,4,3,5,2,No
EMP-1158,39,Sales,Senior,Marketing,3.5,8244.19,No,1,3,3,2,0,Yes
EMP-1159,47,Finance,Senior,Technical,0.2,6757.23,No,2,3,25,0,4,No
EMP-1160,42,Sales,Mid,Technical,1.9,5327.27,No,4,1,21,0,1,No
EMP-1161,27,Marketing,Mid,Business,4.7,4156.89,No,2,4,18,1,3,No
EMP-1162,27,Engineering,Senior,Marketing,2.7,6477.97,Yes,3,4,3,0,1,No
EMP-1163,35,Finance,Mid,Business,5.4,4614.07,No,3,3,9,3,3,No
EMP-1164,46,Sales,Mid,Marketing,1.6,4277.43,No,4,4,1,1,0,No
EMP-1165,35,Customer Support,Senior,Other,0.7,7295.87,No,4,3,18,0,5,No
EMP-1166,32,Finance,Junior,Other,3.3,2823.41,Yes,3,3,15,0,2,No
EMP-1167,40,Customer Support,Lead,Other,0.6,10986.14,Yes,3,2,4,0,2,No
EMP-1168,22,Engineering,Mid,Other,1.0,5672.41,Yes,4,3,5,0,0,Yes
EMP-1169,38,Sales,Mid,Business,2.5,5556.86,Yes,2,3,13,0,2,No
EMP-1170,32,Engineering,Senior,Business,3.2,7754.85,No,4,4,1,1,2,No
EMP-1171,42,Engineering,Junior,Marketing,0.3,2917.68,No,3,3,2,0,2,No
EMP-1172,35,Sales,Senior,Other,4.7,8419.38,No,3,1,1,0,3,No
EMP-1173,30,Customer Support,Senior,Business,5.1,7665.62,No,3,3,1,1,3,No
EMP-1174,21,Sales,Mid,Other,0.0,4239.15,Yes,3,4,1,0,2,No
EMP-1175,28,Finance,Junior,Marketing,1.8,3145.42,No,3,2,3,1,5,No
EMP-1176,38,Engineering,Junior,Technical,1.2,3405.63,No,1,1,6,1,3,No
EMP-1177,43,Sales,Senior,Other,4.4,8214.32,No,4,4,9,0,3,No
EMP-1178,37,Engineering,Junior,Technical,0.5,2903.85,Yes,4,4,4,0,1,Yes
EMP-1179,47,Finance,Lead,Other,3.8,10364.61,No,3,3,1,2,1,No
EMP-1180,30,Customer Support,Junior,Technical,0.2,3215.71,Yes,4,1,16,0,1,Yes
EMP-1181,35,Sales,Junior,Marketing,1.6,3213.23,Yes,4,3,21,0,2,No
EMP-1182,30,HR,Mid,Other,0.9,4213.79,No,4,2,8,0,3,No
EMP-1183,27,Sales,Senior,Marketing,2.5,6178.9,Yes,3,3,9,0,2,No
EMP-1184,41,Customer Support,Junior,Marketing,2.1,3605.34,Yes,4,3,1,0,2,Yes
EMP-1185,38,Engineering,Lead,Marketing,8.9,8311.94,No,2,3,12,1,1,No
EMP-1186,46,Engineering,Senior,Other,0.2,7254.34,No,1,4,6,0,3,No
EMP-1187,43,Marketing,Senior,Business,2.2,7521.87,No,3,3,1,2,2,No
EMP-1188,21,Marketing,Mid,Marketing,0.0,5496.45,No,2,3,14,0,1,No
EMP-1189,21,HR,Junior,Business,0.0,3160.24,No,3,3,11,0,4,No
EMP-1190,27,Customer Support,Mid,Technical,6.0,4392.63,No,3,2,8,0,1,Yes
EMP-1191,32,HR,Senior,Business,0.8,6496.41,No,4,3,10,0,3,No
EMP-1192,49,Marketing,Mid,Business,0.4,5506.39,Yes,2,3,3,0,2,Yes
EMP-1193,34,Marketing,Senior,Technical,0.9,7775.55,No,2,3,17,0,2,No
EMP-1194,31,Sales,Senior,Business,2.6,6594.23,No,3,1,9,0,3,Yes
EMP-1195,27,Marketing,Junior,Marketing,1.1,3596.96,No,1,4,9,1,2,No
EMP-1196,36,Customer Support,Junior,Business,8.4,3640.91,No,4,4,2,0,3,No
EMP-1197,35,Engineering,Lead,Business,2.6,10682.11,No,3,4,11,2,0,No
EMP-1198,29,Finance,Mid,Other,3.1,4450.87,No,3,3,7,1,2,Yes
EMP-1199,40,Customer Support,Lead,Marketing,4.9,11084.09,No,1,2,8,4,0,Yes
EMP-1200,42,HR,Junior,Technical,4.7,3699.48,Yes,3,2,1,1,1,No
